<?xml version="1.0" encoding="UTF-8"?>
<Examples>
  <Example>
    <Log>Swift/vsouza@awesome-ios/failed/557856885.log</Log>
    <Keywords>Issues :-(, , </Keywords>
    <Category>0</Category>
    <Chunk>&gt; Links 
  01. [L0410] 301 https://github.com/CoreCharts/CoreCharts  → https://github.com/cagricolak/CoreCharts 
  02. [L0499] 301 https://github.com/arikis/Overdrive  → https://github.com/saidsikira/Overdrive 
  03. [L0610] 301 https://github.com/alexdrone/Dispatch  → https://github.com/alexdrone/DispatchStore 
  04. [L0944] 301 https://github.com/kean/Yalta  → https://github.com/kean/Align 
  05. [L1290] 301 https://github.com/JustHTTP/Just  → https://github.com/dduan/Just 
  06. [L1622] 404 https://www.goprimer.com  
  07. [L2056] 301 https://github.com/alaphao/LLSpinner  → https://github.com/alephao/LLSpinner 
  08. [L3018] 301 https://github.com/tumblr/SwiftCompilationPerformanceReporter  → https://github.com/TumblrArchive/SwiftCompilationPerformanceReporter 
  09. [L3234] 301 https://www.bignerdranch.com/blog/categories/ios/  → https://www.bignerdranch.com/wp-content/uploads/2019/05/ios.jpg 
  10. [L3251] 301 https://www.daddycoding.com  → https://daddycoding.com/ 
  11. [L3303]  https://mobilecouch.co/ Failed to open TCP connection to mobilecouch.co:443 (getaddrinfo: Temporary failure in name resolution) 
  12. [L3318] 301 https://www.bignerdranch.com/books/ios-programming/  → https://www.bignerdranch.com/books/ios-programming-the-big-nerd-ranch-guide-sixth-edition/ 
&gt; Dupes 
  None ✓</Chunk>
  </Example>
  <Example>
    <Log>Swift/vsouza@awesome-ios/failed/557890661.log</Log>
    <Keywords>Issues :-(, , </Keywords>
    <Category>0</Category>
    <Chunk>&gt; Links 
  01. [L0410] 301 https://github.com/CoreCharts/CoreCharts  → https://github.com/cagricolak/CoreCharts 
  02. [L0499] 301 https://github.com/arikis/Overdrive  → https://github.com/saidsikira/Overdrive 
  03. [L0610] 301 https://github.com/alexdrone/Dispatch  → https://github.com/alexdrone/DispatchStore 
  04. [L0944] 301 https://github.com/kean/Yalta  → https://github.com/kean/Align 
  05. [L1290] 301 https://github.com/JustHTTP/Just  → https://github.com/dduan/Just 
  06. [L1623] 404 https://www.goprimer.com  
  07. [L2057] 301 https://github.com/alaphao/LLSpinner  → https://github.com/alephao/LLSpinner 
  08. [L3019] 301 https://github.com/tumblr/SwiftCompilationPerformanceReporter  → https://github.com/TumblrArchive/SwiftCompilationPerformanceReporter 
  09. [L3117] 503 https://semaphoreci.com/product/ios  
  10. [L3235] 301 https://www.bignerdranch.com/blog/categories/ios/  → https://www.bignerdranch.com/wp-content/uploads/2019/05/ios.jpg 
  11. [L3252] 301 https://www.daddycoding.com  → https://daddycoding.com/ 
  12. [L3319] 301 https://www.bignerdranch.com/books/ios-programming/  → https://www.bignerdranch.com/books/ios-programming-the-big-nerd-ranch-guide-sixth-edition/ 
&gt; Dupes 
  None ✓</Chunk>
  </Example>
  <Example>
    <Log>Swift/vsouza@awesome-ios/failed/557945079.log</Log>
    <Keywords>Issues :-(, , </Keywords>
    <Category>0</Category>
    <Chunk>&gt; Links 
  01. [L0410] 301 https://github.com/CoreCharts/CoreCharts  → https://github.com/cagricolak/CoreCharts 
  02. [L0499] 301 https://github.com/arikis/Overdrive  → https://github.com/saidsikira/Overdrive 
  03. [L0610] 301 https://github.com/alexdrone/Dispatch  → https://github.com/alexdrone/DispatchStore 
  04. [L0944] 301 https://github.com/kean/Yalta  → https://github.com/kean/Align 
  05. [L1290] 301 https://github.com/JustHTTP/Just  → https://github.com/dduan/Just 
  06. [L1623] 404 https://www.goprimer.com  
  07. [L2057] 301 https://github.com/alaphao/LLSpinner  → https://github.com/alephao/LLSpinner 
  08. [L3019] 301 https://github.com/tumblr/SwiftCompilationPerformanceReporter  → https://github.com/TumblrArchive/SwiftCompilationPerformanceReporter 
  09. [L3235] 301 https://www.bignerdranch.com/blog/categories/ios/  → https://www.bignerdranch.com/wp-content/uploads/2019/05/ios.jpg 
  10. [L3252] 301 https://www.daddycoding.com  → https://daddycoding.com/ 
  11. [L3319] 301 https://www.bignerdranch.com/books/ios-programming/  → https://www.bignerdranch.com/books/ios-programming-the-big-nerd-ranch-guide-sixth-edition/ 
&gt; Dupes 
  None ✓</Chunk>
  </Example>
  <Example>
    <Log>Swift/vsouza@awesome-ios/failed/558884711.log</Log>
    <Keywords>Issues :-(, , </Keywords>
    <Category>0</Category>
    <Chunk>&gt; Links 
  01. [L0410] 301 https://github.com/CoreCharts/CoreCharts  → https://github.com/cagricolak/CoreCharts 
  02. [L0499] 301 https://github.com/arikis/Overdrive  → https://github.com/saidsikira/Overdrive 
  03. [L0610] 301 https://github.com/alexdrone/Dispatch  → https://github.com/alexdrone/DispatchStore 
  04. [L0944] 301 https://github.com/kean/Yalta  → https://github.com/kean/Align 
  05. [L1290] 301 https://github.com/JustHTTP/Just  → https://github.com/dduan/Just 
  06. [L1623] 404 https://www.goprimer.com  
  07. [L2057] 301 https://github.com/alaphao/LLSpinner  → https://github.com/alephao/LLSpinner 
  08. [L3019] 301 https://github.com/tumblr/SwiftCompilationPerformanceReporter  → https://github.com/TumblrArchive/SwiftCompilationPerformanceReporter 
  09. [L3235] 301 https://www.bignerdranch.com/blog/categories/ios/  → https://www.bignerdranch.com/wp-content/uploads/2019/05/ios.jpg 
  10. [L3252] 301 https://www.daddycoding.com  → https://daddycoding.com/ 
  11. [L3319] 301 https://www.bignerdranch.com/books/ios-programming/  → https://www.bignerdranch.com/books/ios-programming-the-big-nerd-ranch-guide-sixth-edition/ 
&gt; Dupes 
  None ✓</Chunk>
  </Example>
  <Example>
    <Log>Swift/vsouza@awesome-ios/failed/560497551.log</Log>
    <Keywords>Issues :-(, , </Keywords>
    <Category>0</Category>
    <Chunk>&gt; Links 
  01. [L0410] 301 https://github.com/CoreCharts/CoreCharts  → https://github.com/cagricolak/CoreCharts 
  02. [L0499] 301 https://github.com/arikis/Overdrive  → https://github.com/saidsikira/Overdrive 
  03. [L0610] 301 https://github.com/alexdrone/Dispatch  → https://github.com/alexdrone/DispatchStore 
  04. [L0944] 301 https://github.com/kean/Yalta  → https://github.com/kean/Align 
  05. [L1290] 301 https://github.com/JustHTTP/Just  → https://github.com/dduan/Just 
  06. [L1623] 404 https://www.goprimer.com  
  07. [L1950] 301 https://github.com/yahoo/YangMingShan  → https://github.com/YahooArchive/YangMingShan 
  08. [L2057] 301 https://github.com/alaphao/LLSpinner  → https://github.com/alephao/LLSpinner 
  09. [L2984] 301 https://github.com/blender/Rome  → https://github.com/tmspzz/Rome 
  10. [L3019] 301 https://github.com/tumblr/SwiftCompilationPerformanceReporter  → https://github.com/TumblrArchive/SwiftCompilationPerformanceReporter 
  11. [L3235] 301 https://www.bignerdranch.com/blog/categories/ios/  → https://www.bignerdranch.com/wp-content/uploads/2019/05/ios.jpg 
  12. [L3252] 301 https://www.daddycoding.com  → https://daddycoding.com/ 
  13. [L3319] 301 https://www.bignerdranch.com/books/ios-programming/  → https://www.bignerdranch.com/books/ios-programming-the-big-nerd-ranch-guide-sixth-edition/ 
&gt; Dupes 
  None ✓</Chunk>
  </Example>
  <Example>
    <Log>Swift/vsouza@awesome-ios/failed/561711374.log</Log>
    <Keywords>Issues :-(, , </Keywords>
    <Category>0</Category>
    <Chunk>&gt; Links 
  01. [L0410] 301 https://github.com/CoreCharts/CoreCharts  → https://github.com/cagricolak/CoreCharts 
  02. [L0500] 301 https://github.com/arikis/Overdrive  → https://github.com/saidsikira/Overdrive 
  03. [L0611] 301 https://github.com/alexdrone/Dispatch  → https://github.com/alexdrone/DispatchStore 
  04. [L0945] 301 https://github.com/kean/Yalta  → https://github.com/kean/Align 
  05. [L1291] 301 https://github.com/JustHTTP/Just  → https://github.com/dduan/Just 
  06. [L1624] 404 https://www.goprimer.com  
  07. [L1951] 301 https://github.com/yahoo/YangMingShan  → https://github.com/YahooArchive/YangMingShan 
  08. [L2058] 301 https://github.com/alaphao/LLSpinner  → https://github.com/alephao/LLSpinner 
  09. [L2985] 301 https://github.com/blender/Rome  → https://github.com/tmspzz/Rome 
  10. [L3020] 301 https://github.com/tumblr/SwiftCompilationPerformanceReporter  → https://github.com/TumblrArchive/SwiftCompilationPerformanceReporter 
  11. [L3236] 301 https://www.bignerdranch.com/blog/categories/ios/  → https://www.bignerdranch.com/wp-content/uploads/2019/05/ios.jpg 
  12. [L3253] 301 https://www.daddycoding.com  → https://daddycoding.com/ 
  13. [L3320] 301 https://www.bignerdranch.com/books/ios-programming/  → https://www.bignerdranch.com/books/ios-programming-the-big-nerd-ranch-guide-sixth-edition/ 
&gt; Dupes 
  None ✓</Chunk>
  </Example>
  <Example>
    <Log>Swift/vsouza@awesome-ios/failed/565882693.log</Log>
    <Keywords>Issues :-(, , </Keywords>
    <Category>0</Category>
    <Chunk>&gt; Links 
  01. [L0410] 301 https://github.com/CoreCharts/CoreCharts  → https://github.com/cagricolak/CoreCharts 
  02. [L0500] 301 https://github.com/arikis/Overdrive  → https://github.com/saidsikira/Overdrive 
  03. [L0611] 301 https://github.com/alexdrone/Dispatch  → https://github.com/alexdrone/DispatchStore 
  04. [L0945] 301 https://github.com/kean/Yalta  → https://github.com/kean/Align 
  05. [L1291] 301 https://github.com/JustHTTP/Just  → https://github.com/dduan/Just 
  06. [L1620] 404 https://www.adobe.io/apis/creativecloud/creativesdk.html  
  07. [L1624] 404 https://www.goprimer.com  
  08. [L1951] 301 https://github.com/yahoo/YangMingShan  → https://github.com/YahooArchive/YangMingShan 
  09. [L2058] 301 https://github.com/alaphao/LLSpinner  → https://github.com/alephao/LLSpinner 
  10. [L2986] 301 https://github.com/blender/Rome  → https://github.com/tmspzz/Rome 
  11. [L3021] 301 https://github.com/tumblr/SwiftCompilationPerformanceReporter  → https://github.com/TumblrArchive/SwiftCompilationPerformanceReporter 
  12. [L3108] 301 https://try.crashlytics.com/  → https://firebase.google.com/products/crashlytics?utm_source=crashlytics_marketing&amp;utm_medium=redirect&amp;utm_campaign=crashlytics_redirect 
  13. [L3237] 301 https://www.bignerdranch.com/blog/categories/ios/  → https://www.bignerdranch.com/wp-content/uploads/2019/05/ios.jpg 
  14. [L3254] 301 https://www.daddycoding.com  → https://daddycoding.com/ 
  15. [L3321] 301 https://www.bignerdranch.com/books/ios-programming/  → https://www.bignerdranch.com/books/ios-programming-the-big-nerd-ranch-guide-sixth-edition/ 
&gt; Dupes 
  None ✓</Chunk>
  </Example>
  <Example>
    <Log>Swift/vsouza@awesome-ios/failed/566627090.log</Log>
    <Keywords>Issues :-(, , </Keywords>
    <Category>0</Category>
    <Chunk>&gt; Links 
  01. [L0410] 301 https://github.com/CoreCharts/CoreCharts  → https://github.com/cagricolak/CoreCharts 
  02. [L0500] 301 https://github.com/arikis/Overdrive  → https://github.com/saidsikira/Overdrive 
  03. [L0611] 301 https://github.com/alexdrone/Dispatch  → https://github.com/alexdrone/DispatchStore 
  04. [L0945] 301 https://github.com/kean/Yalta  → https://github.com/kean/Align 
  05. [L1291] 301 https://github.com/JustHTTP/Just  → https://github.com/dduan/Just 
  06. [L1620] 404 https://www.adobe.io/apis/creativecloud/creativesdk.html  
  07. [L1624] 404 https://www.goprimer.com  
  08. [L1951] 301 https://github.com/yahoo/YangMingShan  → https://github.com/YahooArchive/YangMingShan 
  09. [L2059] 301 https://github.com/alaphao/LLSpinner  → https://github.com/alephao/LLSpinner 
  10. [L2986] 301 https://github.com/blender/Rome  → https://github.com/tmspzz/Rome 
  11. [L3021] 301 https://github.com/tumblr/SwiftCompilationPerformanceReporter  → https://github.com/TumblrArchive/SwiftCompilationPerformanceReporter 
  12. [L3108] 301 https://try.crashlytics.com/  → https://firebase.google.com/products/crashlytics?utm_source=crashlytics_marketing&amp;utm_medium=redirect&amp;utm_campaign=crashlytics_redirect 
  13. [L3237] 301 https://www.bignerdranch.com/blog/categories/ios/  → https://www.bignerdranch.com/wp-content/uploads/2019/05/ios.jpg 
  14. [L3254] 301 https://www.daddycoding.com  → https://daddycoding.com/ 
  15. [L3321] 301 https://www.bignerdranch.com/books/ios-programming/  → https://www.bignerdranch.com/books/ios-programming-the-big-nerd-ranch-guide-sixth-edition/ 
&gt; Dupes 
  None ✓</Chunk>
  </Example>
  <Example>
    <Log>Swift/vsouza@awesome-ios/failed/566908885.log</Log>
    <Keywords>Issues :-(, , </Keywords>
    <Category>0</Category>
    <Chunk>&gt; Links 
  01. [L0415] 301 https://github.com/CoreCharts/CoreCharts  → https://github.com/cagricolak/CoreCharts 
  02. [L0505] 301 https://github.com/arikis/Overdrive  → https://github.com/saidsikira/Overdrive 
  03. [L0616] 301 https://github.com/alexdrone/Dispatch  → https://github.com/alexdrone/DispatchStore 
  04. [L0950] 301 https://github.com/kean/Yalta  → https://github.com/kean/Align 
  05. [L1296] 301 https://github.com/JustHTTP/Just  → https://github.com/dduan/Just 
  06. [L1625] 404 https://www.adobe.io/apis/creativecloud/creativesdk.html  
  07. [L1629] 404 https://www.goprimer.com  
  08. [L1956] 301 https://github.com/yahoo/YangMingShan  → https://github.com/YahooArchive/YangMingShan 
  09. [L2063] 301 https://github.com/alaphao/LLSpinner  → https://github.com/alephao/LLSpinner 
  10. [L2990] 301 https://github.com/blender/Rome  → https://github.com/tmspzz/Rome 
  11. [L3025] 301 https://github.com/tumblr/SwiftCompilationPerformanceReporter  → https://github.com/TumblrArchive/SwiftCompilationPerformanceReporter 
  12. [L3112] 301 https://try.crashlytics.com/  → https://firebase.google.com/products/crashlytics?utm_source=crashlytics_marketing&amp;utm_medium=redirect&amp;utm_campaign=crashlytics_redirect 
  13. [L3241] 301 https://www.bignerdranch.com/blog/categories/ios/  → https://www.bignerdranch.com/wp-content/uploads/2019/05/ios.jpg 
  14. [L3251]  https://teamtreehouse.com/library/topic:ios Failed to open TCP connection to teamtreehouse.com:443 (Connection timed out - connect(2) for "teamtreehouse.com" port 443) 
  15. [L3258] 301 https://www.daddycoding.com  → https://daddycoding.com/ 
  16. [L3325] 301 https://www.bignerdranch.com/books/ios-programming/  → https://www.bignerdranch.com/books/ios-programming-the-big-nerd-ranch-guide-sixth-edition/ 
&gt; Dupes 
  None ✓</Chunk>
  </Example>
  <Example>
    <Log>Swift/vsouza@awesome-ios/failed/566968587.log</Log>
    <Keywords>Issues :-(, , </Keywords>
    <Category>0</Category>
    <Chunk>&gt; Links 
  01. [L0410] 301 https://github.com/CoreCharts/CoreCharts  → https://github.com/cagricolak/CoreCharts 
  02. [L0500] 301 https://github.com/arikis/Overdrive  → https://github.com/saidsikira/Overdrive 
  03. [L0611] 301 https://github.com/alexdrone/Dispatch  → https://github.com/alexdrone/DispatchStore 
  04. [L0945] 301 https://github.com/kean/Yalta  → https://github.com/kean/Align 
  05. [L1291] 301 https://github.com/JustHTTP/Just  → https://github.com/dduan/Just 
  06. [L1620] 404 https://www.adobe.io/apis/creativecloud/creativesdk.html  
  07. [L1624] 404 https://www.goprimer.com  
  08. [L1951] 301 https://github.com/yahoo/YangMingShan  → https://github.com/YahooArchive/YangMingShan 
  09. [L1970]  https://github.com/dhirajjadhao/Newly Failed to open TCP connection to github.com:443 (Connection timed out - connect(2) for "github.com" port 443) 
  10. [L2058] 301 https://github.com/alaphao/LLSpinner  → https://github.com/alephao/LLSpinner 
  11. [L2985] 301 https://github.com/blender/Rome  → https://github.com/tmspzz/Rome 
  12. [L3020] 301 https://github.com/tumblr/SwiftCompilationPerformanceReporter  → https://github.com/TumblrArchive/SwiftCompilationPerformanceReporter 
  13. [L3108] 301 https://try.crashlytics.com/  → https://firebase.google.com/products/crashlytics?utm_source=crashlytics_marketing&amp;utm_medium=redirect&amp;utm_campaign=crashlytics_redirect 
  14. [L3237] 301 https://www.bignerdranch.com/blog/categories/ios/  → https://www.bignerdranch.com/wp-content/uploads/2019/05/ios.jpg 
  15. [L3247]  https://teamtreehouse.com/library/topic:ios Failed to open TCP connection to teamtreehouse.com:443 (Connection timed out - connect(2) for "teamtreehouse.com" port 443) 
  16. [L3254] 301 https://www.daddycoding.com  → https://daddycoding.com/ 
  17. [L3321] 301 https://www.bignerdranch.com/books/ios-programming/  → https://www.bignerdranch.com/books/ios-programming-the-big-nerd-ranch-guide-sixth-edition/ 
&gt; Dupes 
  None ✓</Chunk>
  </Example>
</Examples>
