{
  "category.compile": {
    "logs": [
      "150475406",
      "150475408",
      "150830305",
      "42278079",
      "42278081",
      "42278507",
      "42278509",
      "42278554",
      "42278556",
      "42278772",
      "42278774",
      "42280708",
      "42280750",
      "42280930",
      "42280935",
      "42395772",
      "51789951",
      "51789988",
      "53745398",
      "53749572"
    ],
    "pattern": "^> Compilation failed"
  },
  "category.crash": {
    "logs": {},
    "pattern": "No output has been received in the last 10 minutes,"
  },
  "category.passed": {
    "logs": {},
    "pattern": "Done. Your build exited with 0."
  },
  "category.git": {
    "logs": [
      "150224780",
      "42137578",
      "42137579",
      "42276058",
      "42276059",
      "42277658",
      "42277693",
      "67475006",
      "67476665",
      "67476666",
      "68837284",
      "68994022",
      "68994141",
      "68994356"
    ],
    "pattern": "^fatal: reference is not a tree OR ^fatal: Couldn't find remote OR ^fatal: Could not read from remote"
  },
  "category.lint": {
    "logs": [
      "74166284",
      "74166316",
      "94852210",
      "94852782",
      "94852869"
    ],
    "pattern": "^> Lint found errors in the project"
  },
  "category.testfailure": {
    "logs": [
      "126983365",
      "126983392",
      "126987275",
      "127099099",
      "42277565",
      "42277592",
      "42277660",
      "42277691",
      "42277717",
      "42277719",
      "42281935",
      "42281937",
      "51790147",
      "51790149",
      "51790340",
      "51790342",
      "52161988",
      "52226988",
      "66084513",
      "66084514"
    ],
    "pattern": "^> There were failing tests"
  },
  "category.buildconfig": {
    "logs": [
      "127217977",
      "127218675",
      "149889363",
      "34777067",
      "34805195",
      "34805823",
      "34807192",
      "34819223",
      "34819376",
      "34821011",
      "34824616",
      "34824618",
      "35260707",
      "35265934",
      "40288243",
      "40288246",
      "40288771",
      "40288773",
      "41992847",
      "41992848",
      "41992858",
      "41992859",
      "42133040",
      "42133041",
      "42133052",
      "42133054",
      "42137583",
      "42137584",
      "42137655",
      "42137656",
      "42137660",
      "42137661",
      "42170681",
      "42170682",
      "42170684",
      "42170685",
      "43898686",
      "43902944",
      "43916686",
      "46519417",
      "46519944",
      "59293744",
      "67475043",
      "69037418",
      "69038640",
      "69039163",
      "69040845",
      "69041540",
      "69042288",
      "69085441",
      "69197404",
      "69209680",
      "69232989",
      "69233468",
      "71871670"
    ],
    "pattern": "Error: Could not find or load main class org.gradle.wrapper.GradleWrapperMain OR A problem occurred evaluating project OR A problem occurred configuring project OR A problem occurred evaluating root OR A problem occurred configuring root OR Task '[a-Z]*' not found in root project OR PermGen space OR Could not compile build file '/home/travis/build/ReactiveX/RxAndroid/build.gradle'."
  }
}
