<?xml version="1.0" encoding="UTF-8"?>
<Examples>
  <Example>
    <Log>C++/electron@electron/failed/303140404.log</Log>
    <Keywords>err, Error, ERR!</Keywords>
    <Category>0</Category>
    <Chunk>Error: Cannot find module './db.json'
    at Function.Module._resolveFilename (module.js:325:15)
    at Function.Module._load (module.js:276:25)
    at Module.require (module.js:353:17)
    at require (internal/module.js:12:17)
    at Object.&lt;anonymous&gt; (/home/travis/build/electron/electron/node_modules/request/node_modules/mime-types/node_modules/mime-db/index.js:11:18)
    at Module._compile (module.js:409:26)
    at Object.Module._extensions..js (module.js:416:10)
    at Module.load (module.js:343:32)
    at Function.Module._load (module.js:300:12)
    at Module.require (module.js:353:17)
    at require (internal/module.js:12:17)</Chunk>
  </Example>
  <Example>
    <Log>C++/electron@electron/failed/303144317.log</Log>
    <Keywords>err, Error, ERR!</Keywords>
    <Category>0</Category>
    <Chunk>Error: Cannot find module 'fast-deep-equal'
    at Function.Module._resolveFilename (module.js:325:15)
    at Function.Module._load (module.js:276:25)
    at Module.require (module.js:353:17)
    at require (internal/module.js:12:17)
    at Object.&lt;anonymous&gt; (/home/travis/build/electron/electron/node_modules/request/node_modules/har-validator/node_modules/ajv/lib/compile/resolve.js:4:13)
    at Module._compile (module.js:409:26)
    at Object.Module._extensions..js (module.js:416:10)
    at Module.load (module.js:343:32)
    at Function.Module._load (module.js:300:12)
    at Module.require (module.js:353:17)</Chunk>
  </Example>
  <Example>
    <Log>C++/electron@electron/failed/303153628.log</Log>
    <Keywords>err, Error, ERR!</Keywords>
    <Category>0</Category>
    <Chunk>Error: Cannot find module 'fast-deep-equal'
    at Function.Module._resolveFilename (module.js:325:15)
    at Function.Module._load (module.js:276:25)
    at Module.require (module.js:353:17)
    at require (internal/module.js:12:17)
    at Object.&lt;anonymous&gt; (/home/travis/build/electron/electron/node_modules/request/node_modules/har-validator/node_modules/ajv/lib/compile/resolve.js:4:13)
    at Module._compile (module.js:409:26)
    at Object.Module._extensions..js (module.js:416:10)
    at Module.load (module.js:343:32)
    at Function.Module._load (module.js:300:12)
    at Module.require (module.js:353:17)</Chunk>
  </Example>
  <Example>
    <Log>C++/electron@electron/failed/303172126.log</Log>
    <Keywords>err, Error, ERR!</Keywords>
    <Category>0</Category>
    <Chunk>Error: Cannot find module 'fast-deep-equal'
    at Function.Module._resolveFilename (module.js:325:15)
    at Function.Module._load (module.js:276:25)
    at Module.require (module.js:353:17)
    at require (internal/module.js:12:17)
    at Object.&lt;anonymous&gt; (/home/travis/build/electron/electron/node_modules/request/node_modules/har-validator/node_modules/ajv/lib/compile/resolve.js:4:13)
    at Module._compile (module.js:409:26)
    at Object.Module._extensions..js (module.js:416:10)
    at Module.load (module.js:343:32)
    at Function.Module._load (module.js:300:12)
    at Module.require (module.js:353:17)</Chunk>
  </Example>
  <Example>
    <Log>C++/electron@electron/failed/303174572.log</Log>
    <Keywords>err, Error, ERR!</Keywords>
    <Category>0</Category>
    <Chunk>Error: Cannot find module 'fast-deep-equal'
    at Function.Module._resolveFilename (module.js:325:15)
    at Function.Module._load (module.js:276:25)
    at Module.require (module.js:353:17)
    at require (internal/module.js:12:17)
    at Object.&lt;anonymous&gt; (/home/travis/build/electron/electron/node_modules/request/node_modules/har-validator/node_modules/ajv/lib/compile/resolve.js:4:13)
    at Module._compile (module.js:409:26)
    at Object.Module._extensions..js (module.js:416:10)
    at Module.load (module.js:343:32)
    at Function.Module._load (module.js:300:12)
    at Module.require (module.js:353:17)</Chunk>
  </Example>
  <Example>
    <Log>C++/electron@electron/failed/303176966.log</Log>
    <Keywords>err, Error, ERR!</Keywords>
    <Category>0</Category>
    <Chunk>Error: Cannot find module 'fast-deep-equal'
    at Function.Module._resolveFilename (module.js:325:15)
    at Function.Module._load (module.js:276:25)
    at Module.require (module.js:353:17)
    at require (internal/module.js:12:17)
    at Object.&lt;anonymous&gt; (/home/travis/build/electron/electron/node_modules/request/node_modules/har-validator/node_modules/ajv/lib/compile/resolve.js:4:13)
    at Module._compile (module.js:409:26)
    at Object.Module._extensions..js (module.js:416:10)
    at Module.load (module.js:343:32)
    at Function.Module._load (module.js:300:12)
    at Module.require (module.js:353:17)
    at require (internal/module.js:12:17)</Chunk>
  </Example>
  <Example>
    <Log>C++/electron@electron/failed/303184368.log</Log>
    <Keywords>err, Error, ERR!</Keywords>
    <Category>0</Category>
    <Chunk>Error: Cannot find module 'fast-deep-equal'
    at Function.Module._resolveFilename (module.js:325:15)
    at Function.Module._load (module.js:276:25)
    at Module.require (module.js:353:17)
    at require (internal/module.js:12:17)
    at Object.&lt;anonymous&gt; (/home/travis/build/electron/electron/node_modules/request/node_modules/har-validator/node_modules/ajv/lib/compile/resolve.js:4:13)
    at Module._compile (module.js:409:26)
    at Object.Module._extensions..js (module.js:416:10)
    at Module.load (module.js:343:32)
    at Function.Module._load (module.js:300:12)
    at Module.require (module.js:353:17)</Chunk>
  </Example>
  <Example>
    <Log>C++/electron@electron/failed/303191669.log</Log>
    <Keywords>err, Error, ERR!</Keywords>
    <Category>0</Category>
    <Chunk>Error: Cannot find module 'fast-deep-equal'
    at Function.Module._resolveFilename (module.js:325:15)
    at Function.Module._load (module.js:276:25)
    at Module.require (module.js:353:17)
    at require (internal/module.js:12:17)
    at Object.&lt;anonymous&gt; (/home/travis/build/electron/electron/node_modules/request/node_modules/har-validator/node_modules/ajv/lib/compile/resolve.js:4:13)
    at Module._compile (module.js:409:26)
    at Object.Module._extensions..js (module.js:416:10)
    at Module.load (module.js:343:32)
    at Function.Module._load (module.js:300:12)
    at Module.require (module.js:353:17)</Chunk>
  </Example>
  <Example>
    <Log>C++/electron@electron/failed/303192562.log</Log>
    <Keywords>err, Error, ERR!</Keywords>
    <Category>0</Category>
    <Chunk>Error: Cannot find module 'fast-deep-equal'
    at Function.Module._resolveFilename (module.js:325:15)
    at Function.Module._load (module.js:276:25)
    at Module.require (module.js:353:17)
    at require (internal/module.js:12:17)
    at Object.&lt;anonymous&gt; (/home/travis/build/electron/electron/node_modules/request/node_modules/har-validator/node_modules/ajv/lib/compile/resolve.js:4:13)
    at Module._compile (module.js:409:26)
    at Object.Module._extensions..js (module.js:416:10)
    at Module.load (module.js:343:32)
    at Function.Module._load (module.js:300:12)
    at Module.require (module.js:353:17)</Chunk>
  </Example>
  <Example>
    <Log>C++/electron@electron/failed/303195467.log</Log>
    <Keywords>err, Error, ERR!</Keywords>
    <Category>0</Category>
    <Chunk>Error: Cannot find module 'fast-deep-equal'
    at Function.Module._resolveFilename (module.js:325:15)
    at Function.Module._load (module.js:276:25)
    at Module.require (module.js:353:17)
    at require (internal/module.js:12:17)
    at Object.&lt;anonymous&gt; (/home/travis/build/electron/electron/node_modules/request/node_modules/har-validator/node_modules/ajv/lib/compile/resolve.js:4:13)
    at Module._compile (module.js:409:26)
    at Object.Module._extensions..js (module.js:416:10)
    at Module.load (module.js:343:32)
    at Function.Module._load (module.js:300:12)
    at Module.require (module.js:353:17)</Chunk>
  </Example>
</Examples>
