<?xml version="1.0" encoding="UTF-8"?>
<Examples>
  <Example>
    <Log>C/php@php-src/failed/529279089.log</Log>
    <Keywords>ERROR, FAIL, DIFF</Keywords>
    <Category>0</Category>
    <Chunk>001+ ** ERROR: process timed out **

001- OK.
========DONE========
FAIL Bug #60120 (proc_open hangs when data in stdin/out/err is getting larger or equal to 2048) [ext/standard/tests/file/bug60120.phpt]</Chunk>
  </Example>
  <Example>
    <Log>C/php@php-src/failed/529330924.log</Log>
    <Keywords>FAIL, DIFF, </Keywords>
    <Category>0</Category>
    <Chunk>001+ Deprecated: Implicit nullable types are deprecated, mark the type as explicitly nullable with the '?' sign in /home/travis/build/php/php-src/ext/pdo_pgsql/tests/bug72294.php on line 18
========DONE========
FAIL Bug #72294 Segmentation fault/invalid pointer in connection with pgsql_stmt_dtor [ext/pdo_pgsql/tests/bug72294.phpt]</Chunk>
  </Example>
  <Example>
    <Log>C/php@php-src/failed/529942305.log</Log>
    <Keywords>Error, FAIL, </Keywords>
    <Category>1</Category>
    <Chunk>005+ Error: stat1 do not match with stat2 at key value: 8

006+ Error: stat1 do not match with stat2 at key value: atime

005- bool(true)

007- --- Done ---

008+  Dumping stat array 1...

009+ array(26) {

010+   [0]=&gt;

011+   int(2049)

012+   [1]=&gt;

013+   int(2077597)

014+   [2]=&gt;

015+   int(41471)

016+   [3]=&gt;

017+   int(1)

018+   [4]=&gt;

019+   int(2000)

020+   [5]=&gt;

021+   int(2000)

022+   [6]=&gt;

023+   int(0)

024+   [7]=&gt;

025+   int(81)

026+   [8]=&gt;

027+   int(1557344812)

028+   [9]=&gt;

029+   int(1557344812)

030+   [10]=&gt;

031+   int(1557344812)

032+   [11]=&gt;

033+   int(4096)

034+   [12]=&gt;

035+   int(8)

036+   ["dev"]=&gt;

037+   int(2049)

038+   ["ino"]=&gt;

039+   int(2077597)

040+   ["mode"]=&gt;

041+   int(41471)

042+   ["nlink"]=&gt;

043+   int(1)

044+   ["uid"]=&gt;

045+   int(2000)

046+   ["gid"]=&gt;

047+   int(2000)

048+   ["rdev"]=&gt;

049+   int(0)

050+   ["size"]=&gt;

051+   int(81)

052+   ["atime"]=&gt;

053+   int(1557344812)

054+   ["mtime"]=&gt;

055+   int(1557344812)

056+   ["ctime"]=&gt;

057+   int(1557344812)

058+   ["blksize"]=&gt;

059+   int(4096)

060+   ["blocks"]=&gt;

061+   int(8)

062+ }

063+ 

064+  Dumping stat array 2...

065+ array(26) {

066+   [0]=&gt;

067+   int(2049)

068+   [1]=&gt;

069+   int(2077597)

070+   [2]=&gt;

071+   int(41471)

072+   [3]=&gt;

073+   int(1)

074+   [4]=&gt;

075+   int(2000)

076+   [5]=&gt;

077+   int(2000)

078+   [6]=&gt;

079+   int(0)

080+   [7]=&gt;

081+   int(81)

082+   [8]=&gt;

083+   int(1557344813)

084+   [9]=&gt;

085+   int(1557344812)

086+   [10]=&gt;

087+   int(1557344812)

088+   [11]=&gt;

089+   int(4096)

090+   [12]=&gt;

091+   int(8)

092+   ["dev"]=&gt;

093+   int(2049)

094+   ["ino"]=&gt;

095+   int(2077597)

096+   ["mode"]=&gt;

097+   int(41471)

098+   ["nlink"]=&gt;

099+   int(1)

100+   ["uid"]=&gt;

101+   int(2000)

102+   ["gid"]=&gt;

103+   int(2000)

104+   ["rdev"]=&gt;

105+   int(0)

106+   ["size"]=&gt;

107+   int(81)

108+   ["atime"]=&gt;

109+   int(1557344813)

110+   ["mtime"]=&gt;

111+   int(1557344812)

112+   ["ctime"]=&gt;

113+   int(1557344812)

114+   ["blksize"]=&gt;

115+   int(4096)

116+   ["blocks"]=&gt;

117+   int(8)

118+ }

119+ bool(false)

120+ 

121+ --- Done ---
========DONE========
FAIL Test lstat() and stat() functions: usage variations - effects changing permissions of link [ext/standard/tests/file/lstat_stat_variation15.phpt]</Chunk>
  </Example>
  <Example>
    <Log>C/php@php-src/failed/530444639.log</Log>
    <Keywords>Illegal, , </Keywords>
    <Category>2</Category>
    <Chunk>Illegal switch 'j' specified!</Chunk>
  </Example>
  <Example>
    <Log>C/php@php-src/failed/530446443.log</Log>
    <Keywords>FAIL, DIFF, </Keywords>
    <Category>0</Category>
    <Chunk>005+     Parameter #1 [ &lt;optional&gt; $flags ]

005-     Parameter #1 [ &lt;optional&gt; $ar_flags ]
========DONE========
FAIL Bug#71412 ArrayIterator reflection parameter info [ext/spl/tests/bug71412.phpt]</Chunk>
  </Example>
  <Example>
    <Log>C/php@php-src/failed/530453165.log</Log>
    <Keywords>FAIL, DIFF, </Keywords>
    <Category>0</Category>
    <Chunk>005+     Parameter #1 [ &lt;optional&gt; $flags ]

005-     Parameter #1 [ &lt;optional&gt; $ar_flags ]
========DONE========
FAIL Bug#71412 ArrayIterator reflection parameter info [ext/spl/tests/bug71412.phpt]</Chunk>
  </Example>
  <Example>
    <Log>C/php@php-src/failed/530655545.log</Log>
    <Keywords>DIFF, Segmentation fault, FAIL</Keywords>
    <Category>1</Category>
    <Chunk>011+ Segmentation fault (core dumped)

012+ 

013+ Termsig=11

011- array(3) {

012-   [0]=&gt;

013-   int(1)

014-   [1]=&gt;

015-   int(2)

016-   [2]=&gt;

017-   int(3)

018- }

019- array(2) {

020-   [0]=&gt;

021-   int(4)

022-   [1]=&gt;

023-   int(5)

024- }

025- array(4) {

026-   [0]=&gt;

027-   int(11)

028-   [1]=&gt;

029-   int(12)

030-   [2]=&gt;

031-   int(13)

032-   [3]=&gt;

033-   int(14)

034- }

035- array(3) {

036-   [0]=&gt;

037-   string(1) "a"

038-   [1]=&gt;

039-   string(1) "b"

040-   [2]=&gt;

041-   string(1) "c"

042- }

043- array(15) {

044-   [0]=&gt;

045-   int(0)

046-   [1]=&gt;

047-   int(1)

048-   [2]=&gt;

049-   int(2)

050-   [3]=&gt;

051-   int(3)

052-   [4]=&gt;

053-   int(4)

054-   [5]=&gt;

055-   int(5)

056-   [6]=&gt;

057-   int(6)

058-   [7]=&gt;

059-   int(7)

060-   [8]=&gt;

061-   int(8)

062-   [9]=&gt;

063-   int(9)

064-   [10]=&gt;

065-   int(10)

066-   [11]=&gt;

067-   int(11)

068-   [12]=&gt;

069-   int(12)

070-   [13]=&gt;

071-   int(13)

072-   [14]=&gt;

073-   int(14)

074- }

075- array(8) {

076-   [0]=&gt;

077-   int(0)

078-   [1]=&gt;

079-   int(1)

080-   [2]=&gt;

081-   int(2)

082-   [3]=&gt;

083-   int(3)

084-   [4]=&gt;

085-   int(1)

086-   [5]=&gt;

087-   int(2)

088-   [6]=&gt;

089-   int(3)

090-   [7]=&gt;

091-   string(3) "end"

092- }
========DONE========
FAIL Basic array unpacking [Zend/tests/array_unpack/basic.phpt]</Chunk>
  </Example>
  <Example>
    <Log>C/php@php-src/failed/531062743.log</Log>
    <Keywords>err, FAIL, </Keywords>
    <Category>1</Category>
    <Chunk>003+ 

004+ Warning: socket_bind(): unable to bind address [98]: Address already in use in /home/travis/build/php/php-src/ext/sockets/tests/socket_recvmsg.php on line 8

005+ err

003- bool(true)

004- creating receive socket

005- resource(%d) of type (Socket)

006- bool(true)

007- int(14)

008- Array

009- (

010-     [name] =&gt; Array

011-         (

012-             [family] =&gt; %d

013-             [addr] =&gt; ::1

014-             [port] =&gt; 7001

015-             [flowinfo] =&gt; 0

016-             [scope_id] =&gt; 0

017-         )

018- 

019-     [control] =&gt; Array

020-         (

021-             [0] =&gt; Array

022-                 (

023-                     [level] =&gt; %d

024-                     [type] =&gt; %d

025-                     [data] =&gt; Array

026-                         (

027-                             [addr] =&gt; ::1

028-                             [ifindex] =&gt; %d

029-                         )

030- 

031-                 )

032- 

033-         )

034- 

035-     [iov] =&gt; Array

036-         (

037-             [0] =&gt; testing packet

038-         )

039- 

040-     [flags] =&gt; 0

041- )
========DONE========
FAIL recvmsg(): basic test [ext/sockets/tests/socket_recvmsg.phpt]</Chunk>
  </Example>
  <Example>
    <Log>C/php@php-src/failed/531216112.log</Log>
    <Keywords>ERROR, FAIL, DIFF</Keywords>
    <Category>0</Category>
    <Chunk>001+ ERROR: No terminating lines
========DONE========
FAIL FPM: bug77934 - php-fpm kill -USR2 not working [sapi/fpm/tests/bug77934-reload-process-control.phpt]</Chunk>
  </Example>
  <Example>
    <Log>C/php@php-src/failed/531576999.log</Log>
    <Keywords>ERROR, FAIL, DIFF</Keywords>
    <Category>0</Category>
    <Chunk>001+ ERROR: No terminating lines
========DONE========
FAIL FPM: bug77934 - php-fpm kill -USR2 not working [sapi/fpm/tests/bug77934-reload-process-control.phpt]</Chunk>
  </Example>
</Examples>
