<?xml version="1.0" encoding="UTF-8"?>
<Examples>
  <Example>
    <Log>Erlang/rabbitmq@rabbitmq-server/failed/571552147.log</Log>
    <Keywords>failed, Reason:, </Keywords>
    <Category>0</Category>
    <Chunk>confirms_rejects_SUITE:mixed_dead_alive_queues_reject failed on line 195
Reason: expecting_nack_got_ack</Chunk>
  </Example>
  <Example>
    <Log>Erlang/rabbitmq@rabbitmq-server/failed/571748388.log</Log>
    <Keywords>failed, Error, </Keywords>
    <Category>1</Category>
    <Chunk>src/rabbit_vhost.erl:91: field description undefined in record vhost
src/rabbit_vhost.erl:92: field tags undefined in record vhost
src/rabbit_vhost.erl:344: variable 'Description' is unbound
src/rabbit_vhost.erl:344: field description undefined in record vhost
src/rabbit_vhost.erl:345: variable 'Tags' is unbound
src/rabbit_vhost.erl:345: field tags undefined in record vhost</Chunk>
  </Example>
  <Example>
    <Log>Erlang/rabbitmq@rabbitmq-server/failed/571753140.log</Log>
    <Keywords>failed, Error, </Keywords>
    <Category>1</Category>
    <Chunk>src/rabbit_vhost.erl:91: field description undefined in record vhost
src/rabbit_vhost.erl:92: field tags undefined in record vhost
src/rabbit_vhost.erl:344: variable 'Description' is unbound
src/rabbit_vhost.erl:344: field description undefined in record vhost
src/rabbit_vhost.erl:345: variable 'Tags' is unbound
src/rabbit_vhost.erl:345: field tags undefined in record vhost</Chunk>
  </Example>
  <Example>
    <Log>Erlang/rabbitmq@rabbitmq-server/failed/571806905.log</Log>
    <Keywords>failed, Error, </Keywords>
    <Category>1</Category>
    <Chunk>src/rabbit_vhost.erl:91: field description undefined in record vhost
src/rabbit_vhost.erl:92: field tags undefined in record vhost
src/rabbit_vhost.erl:344: variable 'Description' is unbound
src/rabbit_vhost.erl:344: field description undefined in record vhost
src/rabbit_vhost.erl:345: variable 'Tags' is unbound
src/rabbit_vhost.erl:345: field tags undefined in record vhost</Chunk>
  </Example>
  <Example>
    <Log>Erlang/rabbitmq@rabbitmq-server/failed/571824621.log</Log>
    <Keywords>failed, Reason:, </Keywords>
    <Category>0</Category>
    <Chunk>confirms_rejects_SUITE:mixed_dead_alive_queues_reject failed on line 195
Reason: expecting_nack_got_ack</Chunk>
  </Example>
  <Example>
    <Log>Erlang/rabbitmq@rabbitmq-server/failed/572222015.log</Log>
    <Keywords>failed, Error, </Keywords>
    <Category>1</Category>
    <Chunk>src/rabbit_vhost.erl:91: field description undefined in record vhost
src/rabbit_vhost.erl:92: field tags undefined in record vhost
src/rabbit_vhost.erl:344: variable 'Description' is unbound
src/rabbit_vhost.erl:344: field description undefined in record vhost
src/rabbit_vhost.erl:345: variable 'Tags' is unbound
src/rabbit_vhost.erl:345: field tags undefined in record vhost</Chunk>
  </Example>
  <Example>
    <Log>Erlang/rabbitmq@rabbitmq-server/failed/572773115.log</Log>
    <Keywords>failed, Reason:, FAILED</Keywords>
    <Category>0</Category>
    <Chunk>rabbit_ct_broker_helpers:rpc failed on line 1348
Reason: {badmatch,[{amqp_params,{amqp_params_network,&lt;&lt;"guest"&gt;&gt;,&lt;&lt;"...}</Chunk>
  </Example>
  <Example>
    <Log>Erlang/rabbitmq@rabbitmq-server/failed/572773664.log</Log>
    <Keywords>failed, Reason:, FAILED</Keywords>
    <Category>0</Category>
    <Chunk>rabbit_ct_broker_helpers:rpc failed on line 1348
Reason: {badmatch,[{amqp_params,{amqp_params_network,&lt;&lt;"guest"&gt;&gt;,&lt;&lt;"...}</Chunk>
  </Example>
  <Example>
    <Log>Erlang/rabbitmq@rabbitmq-server/failed/572967302.log</Log>
    <Keywords>failed, Reason:, FAILED</Keywords>
    <Category>0</Category>
    <Chunk>rabbit_ct_broker_helpers:rpc failed on line 1348
Reason: {badmatch,[{amqp_params,{amqp_params_network,&lt;&lt;"guest"&gt;&gt;,&lt;&lt;"...}</Chunk>
  </Example>
  <Example>
    <Log>Erlang/rabbitmq@rabbitmq-server/failed/572968583.log</Log>
    <Keywords>failed, Reason:, FAILED</Keywords>
    <Category>0</Category>
    <Chunk>rabbit_ct_broker_helpers:rpc failed on line 1325
Reason: {badmatch,[{amqp_params,{amqp_params_network,&lt;&lt;"guest"&gt;&gt;,&lt;&lt;"...}</Chunk>
  </Example>
</Examples>
