<?xml version="1.0" encoding="UTF-8"?>
<Examples>
  <Example>
    <Log>TeX/adambard@learnxinyminutes-docs/failed/448963603.log</Log>
    <Keywords>FAILURE, , </Keywords>
    <Category>0</Category>
    <Chunk>(./es-es/coldfusion-es.html.markdown): found character that cannot start any token while scanning for the next token at line 8 column 1</Chunk>
  </Example>
  <Example>
    <Log>TeX/adambard@learnxinyminutes-docs/failed/487309865.log</Log>
    <Keywords>FAILURE, , </Keywords>
    <Category>0</Category>
    <Chunk>(./tr-tr/clojure-tr.html.markdown): did not find expected ',' or ']' while parsing a flow sequence at line 5 column 7</Chunk>
  </Example>
  <Example>
    <Log>TeX/adambard@learnxinyminutes-docs/failed/491868630.log</Log>
    <Keywords>FAILURE, , </Keywords>
    <Category>0</Category>
    <Chunk>(./pt-br/pascal-pt.html.markdown): found character that cannot start any token while scanning for the next token at line 5 column 1</Chunk>
  </Example>
  <Example>
    <Log>TeX/adambard@learnxinyminutes-docs/failed/559434441.log</Log>
    <Keywords>FAILURE, , </Keywords>
    <Category>0</Category>
    <Chunk>(./th-th/pascal.th.html.markdown): found character that cannot start any token while scanning for the next token at line 5 column 1</Chunk>
  </Example>
  <Example>
    <Log>TeX/adambard@learnxinyminutes-docs/failed/559469687.log</Log>
    <Keywords>FAILURE, , </Keywords>
    <Category>0</Category>
    <Chunk>(./th-th/pascal.th.html.markdown): found character that cannot start any token while scanning for the next token at line 5 column 1</Chunk>
  </Example>
  <Example>
    <Log>TeX/adambard@learnxinyminutes-docs/failed/559475600.log</Log>
    <Keywords>FAILURE, , </Keywords>
    <Category>0</Category>
    <Chunk>(./th-th/pascal.th.html.markdown): found character that cannot start any token while scanning for the next token at line 5 column 1</Chunk>
  </Example>
  <Example>
    <Log>TeX/adambard@learnxinyminutes-docs/failed/559637917.log</Log>
    <Keywords>FAILURE, , </Keywords>
    <Category>0</Category>
    <Chunk>(./th-th/pascal.th.html.markdown): found character that cannot start any token while scanning for the next token at line 5 column 1</Chunk>
  </Example>
  <Example>
    <Log>TeX/adambard@learnxinyminutes-docs/failed/559642811.log</Log>
    <Keywords>FAILURE, , </Keywords>
    <Category>0</Category>
    <Chunk>(./th-th/pascal.th.html.markdown): found character that cannot start any token while scanning for the next token at line 5 column 1</Chunk>
  </Example>
  <Example>
    <Log>TeX/adambard@learnxinyminutes-docs/failed/559652409.log</Log>
    <Keywords>FAILURE, , </Keywords>
    <Category>0</Category>
    <Chunk>(./th-th/pascal.th.html.markdown): found character that cannot start any token while scanning for the next token at line 5 column 1</Chunk>
  </Example>
  <Example>
    <Log>TeX/adambard@learnxinyminutes-docs/failed/572950271.log</Log>
    <Keywords>FAILURE, , </Keywords>
    <Category>0</Category>
    <Chunk>(./tr-tr/clojure-tr.html.markdown): did not find expected ',' or ']' while parsing a flow sequence at line 6 column 7</Chunk>
  </Example>
</Examples>
