<?xml version="1.0" encoding="UTF-8"?>
<Examples>
  <Example>
    <Log>Perl/major@MySQLTuner-perl/failed/384377175.log</Log>
    <Keywords>Severity:, , </Keywords>
    <Category>0</Category>
    <Chunk>[1;31mUse IO::Interactive::is_interactive() instead of -t at line 69, column 28.  See page 218 of PBP.  (Severity: 5)[0m
[1;31mUse IO::Interactive::is_interactive() instead of -t at line 203, column 28.  See page 218 of PBP.  (Severity: 5)</Chunk>
  </Example>
  <Example>
    <Log>Perl/major@MySQLTuner-perl/failed/384620013.log</Log>
    <Keywords>Severity:, , </Keywords>
    <Category>0</Category>
    <Chunk>[1;31mUse IO::Interactive::is_interactive() instead of -t at line 69, column 28.  See page 218 of PBP.  (Severity: 5)[0m
[1;31mUse IO::Interactive::is_interactive() instead of -t at line 203, column 28.  See page 218 of PBP.  (Severity: 5)</Chunk>
  </Example>
  <Example>
    <Log>Perl/major@MySQLTuner-perl/failed/388254510.log</Log>
    <Keywords>Severity:, , </Keywords>
    <Category>0</Category>
    <Chunk>Having more than one /x regexp modifier is deprecated at /home/travis/perl5/perlbrew/perls/5.24.0/lib/site_perl/5.24.0/Perl/Critic/Policy/ValuesAndExpressions/RequireInterpolationOfMetachars.pm line 110.
[1;31mUse IO::Interactive::is_interactive() instead of -t at line 69, column 28.  See page 218 of PBP.  (Severity: 5)[0m
[1;31mUse IO::Interactive::is_interactive() instead of -t at line 203, column 28.  See page 218 of PBP.  (Severity: 5)</Chunk>
  </Example>
  <Example>
    <Log>Perl/major@MySQLTuner-perl/failed/388281863.log</Log>
    <Keywords>Severity:, , </Keywords>
    <Category>0</Category>
    <Chunk>Having more than one /x regexp modifier is deprecated at /home/travis/perl5/perlbrew/perls/5.24.0/lib/site_perl/5.24.0/Perl/Critic/Policy/ValuesAndExpressions/RequireInterpolationOfMetachars.pm line 110.
[1;31mUse IO::Interactive::is_interactive() instead of -t at line 69, column 28.  See page 218 of PBP.  (Severity: 5)[0m
[1;31mUse IO::Interactive::is_interactive() instead of -t at line 203, column 28.  See page 218 of PBP.  (Severity: 5)</Chunk>
  </Example>
  <Example>
    <Log>Perl/major@MySQLTuner-perl/failed/398179596.log</Log>
    <Keywords>Severity:, , </Keywords>
    <Category>0</Category>
    <Chunk>Having more than one /x regexp modifier is deprecated at /home/travis/perl5/perlbrew/perls/5.24.0/lib/site_perl/5.24.0/Perl/Critic/Policy/ValuesAndExpressions/RequireInterpolationOfMetachars.pm line 110.
[1;31mUse IO::Interactive::is_interactive() instead of -t at line 69, column 28.  See page 218 of PBP.  (Severity: 5)[0m
[1;31mUse IO::Interactive::is_interactive() instead of -t at line 203, column 28.  See page 218 of PBP.  (Severity: 5)</Chunk>
  </Example>
  <Example>
    <Log>Perl/major@MySQLTuner-perl/failed/398216503.log</Log>
    <Keywords>Severity:, , </Keywords>
    <Category>0</Category>
    <Chunk>Having more than one /x regexp modifier is deprecated at /home/travis/perl5/perlbrew/perls/5.24.0/lib/site_perl/5.24.0/Perl/Critic/Policy/ValuesAndExpressions/RequireInterpolationOfMetachars.pm line 110.
[1;31mUse IO::Interactive::is_interactive() instead of -t at line 69, column 28.  See page 218 of PBP.  (Severity: 5)[0m
[1;31mUse IO::Interactive::is_interactive() instead of -t at line 203, column 28.  See page 218 of PBP.  (Severity: 5)</Chunk>
  </Example>
  <Example>
    <Log>Perl/major@MySQLTuner-perl/failed/398217092.log</Log>
    <Keywords>Severity:, , </Keywords>
    <Category>0</Category>
    <Chunk>Having more than one /x regexp modifier is deprecated at /home/travis/perl5/perlbrew/perls/5.24.0/lib/site_perl/5.24.0/Perl/Critic/Policy/ValuesAndExpressions/RequireInterpolationOfMetachars.pm line 110.
[1;31mUse IO::Interactive::is_interactive() instead of -t at line 69, column 28.  See page 218 of PBP.  (Severity: 5)[0m
[1;31mUse IO::Interactive::is_interactive() instead of -t at line 203, column 28.  See page 218 of PBP.  (Severity: 5)</Chunk>
  </Example>
  <Example>
    <Log>Perl/major@MySQLTuner-perl/failed/400483306.log</Log>
    <Keywords>Severity:, , </Keywords>
    <Category>0</Category>
    <Chunk>Having more than one /x regexp modifier is deprecated at /home/travis/perl5/perlbrew/perls/5.24.0/lib/site_perl/5.24.0/Perl/Critic/Policy/ValuesAndExpressions/RequireInterpolationOfMetachars.pm line 110.
[1;31mUse IO::Interactive::is_interactive() instead of -t at line 69, column 28.  See page 218 of PBP.  (Severity: 5)[0m
[1;31mUse IO::Interactive::is_interactive() instead of -t at line 203, column 28.  See page 218 of PBP.  (Severity: 5)</Chunk>
  </Example>
  <Example>
    <Log>Perl/major@MySQLTuner-perl/failed/400750582.log</Log>
    <Keywords>Severity:, , </Keywords>
    <Category>0</Category>
    <Chunk>Having more than one /x regexp modifier is deprecated at /home/travis/perl5/perlbrew/perls/5.24.0/lib/site_perl/5.24.0/Perl/Critic/Policy/ValuesAndExpressions/RequireInterpolationOfMetachars.pm line 110.
[1;31mUse IO::Interactive::is_interactive() instead of -t at line 69, column 28.  See page 218 of PBP.  (Severity: 5)[0m
[1;31mUse IO::Interactive::is_interactive() instead of -t at line 203, column 28.  See page 218 of PBP.  (Severity: 5)</Chunk>
  </Example>
  <Example>
    <Log>Perl/major@MySQLTuner-perl/failed/431782730.log</Log>
    <Keywords>No such file or directory, , </Keywords>
    <Category>0</Category>
    <Chunk>No such file or directory: 'mysqltuner.pl'</Chunk>
  </Example>
</Examples>
