<?xml version="1.0" encoding="UTF-8"?>
<Examples>
  <Example>
    <Log>CoffeeScript/Atom@atom/failed/529072794.log</Log>
    <Keywords>Error, failing, </Keywords>
    <Category>0</Category>
    <Chunk>1) AtomApplication waits until all the windows have saved their state before quitting:
     Error: timeout of 60000ms exceeded. Ensure the done() callback is being called in this test.
  

  2) AtomApplication "after each" hook for "waits until all the windows have saved their state before quitting":
     Error: timeout of 60000ms exceeded. Ensure the done() callback is being called in this test.</Chunk>
  </Example>
  <Example>
    <Log>CoffeeScript/Atom@atom/failed/544693739.log</Log>
    <Keywords>Error, failing, </Keywords>
    <Category>0</Category>
    <Chunk>1) AtomApplication command-line interface behavior atom:// URLs with a "core" host sends a URI message to the most recently focused non-spec window that owns the open locations:
     Error: timeout of 2000ms exceeded. Ensure the done() callback is being called in this test.</Chunk>
  </Example>
  <Example>
    <Log>CoffeeScript/Atom@atom/failed/544815664.log</Log>
    <Keywords>Error, failing, </Keywords>
    <Category>0</Category>
    <Chunk>1) AtomApplication command-line interface behavior atom:// URLs with a "core" host sends a URI message to the most recently focused non-spec window that owns the open locations:
     Error: timeout of 2000ms exceeded. Ensure the done() callback is being called in this test.</Chunk>
  </Example>
  <Example>
    <Log>CoffeeScript/Atom@atom/failed/544909524.log</Log>
    <Keywords>Error, failing, </Keywords>
    <Category>0</Category>
    <Chunk>1) AtomWindow creating a real window creates a real, properly configured BrowserWindow:
     Error: timeout of 10000ms exceeded. Ensure the done() callback is being called in this test.</Chunk>
  </Example>
  <Example>
    <Log>CoffeeScript/Atom@atom/failed/544911466.log</Log>
    <Keywords>Error, failing, </Keywords>
    <Category>0</Category>
    <Chunk>1) AtomWindow creating a real window creates a real, properly configured BrowserWindow:
     Error: timeout of 10000ms exceeded. Ensure the done() callback is being called in this test.</Chunk>
  </Example>
  <Example>
    <Log>CoffeeScript/Atom@atom/failed/544911934.log</Log>
    <Keywords>Error, failing, </Keywords>
    <Category>0</Category>
    <Chunk>1) AtomWindow creating a real window creates a real, properly configured BrowserWindow:
     Error: timeout of 10000ms exceeded. Ensure the done() callback is being called in this test.</Chunk>
  </Example>
  <Example>
    <Log>CoffeeScript/Atom@atom/failed/544955015.log</Log>
    <Keywords>prettier/prettier, src/grammar-registry.js, </Keywords>
    <Category>1</Category>
    <Chunk>src/grammar-registry.js:635 Replace `process.platform·===·'darwin'·&amp;&amp;·parseInt(require('os').release())·&lt;·16` with `⏎······process.platform·===·'darwin'·&amp;&amp;⏎······parseInt(require('os').release())·&lt;·16⏎····` (prettier/prettier)
src/grammar-registry.js:636 Insert `;` (prettier/prettier)</Chunk>
  </Example>
  <Example>
    <Log>CoffeeScript/Atom@atom/failed/544967051.log</Log>
    <Keywords>src/grammar-registry.js, , </Keywords>
    <Category>1</Category>
    <Chunk>src/grammar-registry.js:1 Strings must use singlequote. (quotes)
src/grammar-registry.js:1 Extra semicolon. (semi)
src/grammar-registry.js:2 Strings must use singlequote. (quotes)
src/grammar-registry.js:2 Extra semicolon. (semi)
src/grammar-registry.js:3 Strings must use singlequote. (quotes)
src/grammar-registry.js:3 Extra semicolon. (semi)
src/grammar-registry.js:4 Strings must use singlequote. (quotes)
src/grammar-registry.js:4 Extra semicolon. (semi)
src/grammar-registry.js:5 Strings must use singlequote. (quotes)
src/grammar-registry.js:5 Extra semicolon. (semi)
src/grammar-registry.js:6 Strings must use singlequote. (quotes)
src/grammar-registry.js:6 Extra semicolon. (semi)
src/grammar-registry.js:7 Strings must use singlequote. (quotes)
src/grammar-registry.js:7 Extra semicolon. (semi)
src/grammar-registry.js:8 Strings must use singlequote. (quotes)
src/grammar-registry.js:8 Extra semicolon. (semi)
src/grammar-registry.js:9 Strings must use singlequote. (quotes)
src/grammar-registry.js:9 Extra semicolon. (semi)
src/grammar-registry.js:10 Strings must use singlequote. (quotes)
src/grammar-registry.js:10 Extra semicolon. (semi)
src/grammar-registry.js:11 Strings must use singlequote. (quotes)
src/grammar-registry.js:11 Extra semicolon. (semi)
src/grammar-registry.js:12 Strings must use singlequote. (quotes)
src/grammar-registry.js:12 Extra semicolon. (semi)
src/grammar-registry.js:14 Strings must use singlequote. (quotes)
src/grammar-registry.js:14 Extra semicolon. (semi)
src/grammar-registry.js:20 Missing space before function parentheses. (space-before-function-paren)
src/grammar-registry.js:21 Extra semicolon. (semi)
src/grammar-registry.js:22 Extra semicolon. (semi)
src/grammar-registry.js:26 Extra semicolon. (semi)
src/grammar-registry.js:27 Extra semicolon. (semi)
src/grammar-registry.js:30 Missing space before function parentheses. (space-before-function-paren)
src/grammar-registry.js:31 Extra semicolon. (semi)
src/grammar-registry.js:32 Extra semicolon. (semi)
src/grammar-registry.js:33 Extra semicolon. (semi)
src/grammar-registry.js:34 Extra semicolon. (semi)
src/grammar-registry.js:35 Extra semicolon. (semi)
src/grammar-registry.js:36 Extra semicolon. (semi)
src/grammar-registry.js:37 Extra semicolon. (semi)
src/grammar-registry.js:38 Extra semicolon. (semi)
src/grammar-registry.js:40 Extra semicolon. (semi)
src/grammar-registry.js:41 Extra semicolon. (semi)
src/grammar-registry.js:42 Extra semicolon. (semi)
src/grammar-registry.js:45 Strings must use singlequote. (quotes)
src/grammar-registry.js:48 Extra semicolon. (semi)
src/grammar-registry.js:50 Extra semicolon. (semi)
src/grammar-registry.js:52 Extra semicolon. (semi)
src/grammar-registry.js:55 Missing space before function parentheses. (space-before-function-paren)
src/grammar-registry.js:56 Extra semicolon. (semi)
src/grammar-registry.js:58 Extra semicolon. (semi)
src/grammar-registry.js:59 Extra semicolon. (semi)
src/grammar-registry.js:60 Extra semicolon. (semi)
src/grammar-registry.js:63 Missing space before function parentheses. (space-before-function-paren)
src/grammar-registry.js:68 Extra semicolon. (semi)
src/grammar-registry.js:72 Missing space before function parentheses. (space-before-function-paren)
src/grammar-registry.js:73 Extra semicolon. (semi)
src/grammar-registry.js:84 Missing space before function parentheses. (space-before-function-paren)
src/grammar-registry.js:85 Extra semicolon. (semi)
src/grammar-registry.js:87 Extra semicolon. (semi)
src/grammar-registry.js:89 Extra semicolon. (semi)
src/grammar-registry.js:91 Extra semicolon. (semi)
src/grammar-registry.js:95 Extra semicolon. (semi)
src/grammar-registry.js:97 Extra semicolon. (semi)
src/grammar-registry.js:99 Extra semicolon. (semi)
src/grammar-registry.js:102 Extra semicolon. (semi)
src/grammar-registry.js:103 Extra semicolon. (semi)
src/grammar-registry.js:104 Extra semicolon. (semi)
src/grammar-registry.js:105 Extra semicolon. (semi)
src/grammar-registry.js:106 Extra semicolon. (semi)
src/grammar-registry.js:108 Extra semicolon. (semi)
src/grammar-registry.js:111 Extra semicolon. (semi)
src/grammar-registry.js:112 Extra semicolon. (semi)
src/grammar-registry.js:113 Extra semicolon. (semi)
src/grammar-registry.js:114 Extra semicolon. (semi)
src/grammar-registry.js:115 Extra semicolon. (semi)
src/grammar-registry.js:116 Extra semicolon. (semi)
src/grammar-registry.js:117 Extra semicolon. (semi)
src/grammar-registry.js:128 Missing space before function parentheses. (space-before-function-paren)
src/grammar-registry.js:129 Extra semicolon. (semi)
src/grammar-registry.js:131 Extra semicolon. (semi)
src/grammar-registry.js:133 Extra semicolon. (semi)
src/grammar-registry.js:134 Extra semicolon. (semi)
src/grammar-registry.js:135 Extra semicolon. (semi)
src/grammar-registry.js:137 Extra semicolon. (semi)
src/grammar-registry.js:138 Extra semicolon. (semi)
src/grammar-registry.js:141 Extra semicolon. (semi)
src/grammar-registry.js:145 Extra semicolon. (semi)
src/grammar-registry.js:148 Extra semicolon. (semi)
src/grammar-registry.js:155 Missing space before function parentheses. (space-before-function-paren)
src/grammar-registry.js:156 Extra semicolon. (semi)
src/grammar-registry.js:164 Missing space before function parentheses. (space-before-function-paren)
src/grammar-registry.js:168 Extra semicolon. (semi)
src/grammar-registry.js:169 Extra semicolon. (semi)
src/grammar-registry.js:170 Extra semicolon. (semi)
src/grammar-registry.js:174 Extra semicolon. (semi)
src/grammar-registry.js:178 Missing space before function parentheses. (space-before-function-paren)
src/grammar-registry.js:185 Extra semicolon. (semi)
src/grammar-registry.js:187 Extra semicolon. (semi)
src/grammar-registry.js:200 Missing space before function parentheses. (space-before-function-paren)
src/grammar-registry.js:201 Extra semicolon. (semi)
src/grammar-registry.js:204 Missing space before function parentheses. (space-before-function-paren)
src/grammar-registry.js:205 Extra semicolon. (semi)
src/grammar-registry.js:206 Extra semicolon. (semi)
src/grammar-registry.js:208 Extra semicolon. (semi)
src/grammar-registry.js:210 Extra semicolon. (semi)
src/grammar-registry.js:211 Extra semicolon. (semi)
src/grammar-registry.js:213 Extra semicolon. (semi)
src/grammar-registry.js:214 Extra semicolon. (semi)
src/grammar-registry.js:219 Missing space before function parentheses. (space-before-function-paren)
src/grammar-registry.js:221 Strings must use singlequote. (quotes)
src/grammar-registry.js:221 Extra semicolon. (semi)
src/grammar-registry.js:226 Extra semicolon. (semi)
src/grammar-registry.js:227 Extra semicolon. (semi)
src/grammar-registry.js:231 Extra semicolon. (semi)
src/grammar-registry.js:236 Extra semicolon. (semi)
src/grammar-registry.js:238 Extra semicolon. (semi)
src/grammar-registry.js:247 Extra semicolon. (semi)
src/grammar-registry.js:249 Extra semicolon. (semi)
src/grammar-registry.js:251 Extra semicolon. (semi)
src/grammar-registry.js:256 Extra semicolon. (semi)
src/grammar-registry.js:259 Extra semicolon. (semi)
src/grammar-registry.js:262 Missing space before function parentheses. (space-before-function-paren)
src/grammar-registry.js:263 Extra semicolon. (semi)
src/grammar-registry.js:264 Strings must use singlequote. (quotes)
src/grammar-registry.js:265 Strings must use singlequote. (quotes)
src/grammar-registry.js:265 Extra semicolon. (semi)
src/grammar-registry.js:268 Extra semicolon. (semi)
src/grammar-registry.js:269 Extra semicolon. (semi)
src/grammar-registry.js:271 Extra semicolon. (semi)
src/grammar-registry.js:272 Strings must use singlequote. (quotes)
src/grammar-registry.js:273 Expected "[" and "]" to be on the same line (standard/computed-property-even-spacing)
src/grammar-registry.js:273 Strings must use singlequote. (quotes)
src/grammar-registry.js:275 Extra semicolon. (semi)
src/grammar-registry.js:278 Extra semicolon. (semi)
src/grammar-registry.js:280 Extra semicolon. (semi)
src/grammar-registry.js:284 Extra semicolon. (semi)
src/grammar-registry.js:285 Extra semicolon. (semi)
src/grammar-registry.js:286 Extra semicolon. (semi)
src/grammar-registry.js:288 Extra semicolon. (semi)
src/grammar-registry.js:290 Extra semicolon. (semi)
src/grammar-registry.js:295 Extra semicolon. (semi)
src/grammar-registry.js:298 Missing space before function parentheses. (space-before-function-paren)
src/grammar-registry.js:300 Extra semicolon. (semi)
src/grammar-registry.js:301 Extra semicolon. (semi)
src/grammar-registry.js:304 Strings must use singlequote. (quotes)
src/grammar-registry.js:305 Extra semicolon. (semi)
src/grammar-registry.js:306 Extra semicolon. (semi)
src/grammar-registry.js:307 Strings must use singlequote. (quotes)
src/grammar-registry.js:309 Extra semicolon. (semi)
src/grammar-registry.js:311 Extra semicolon. (semi)
src/grammar-registry.js:312 Extra semicolon. (semi)
src/grammar-registry.js:314 Extra semicolon. (semi)
src/grammar-registry.js:319 Strings must use singlequote. (quotes)
src/grammar-registry.js:321 Strings must use singlequote. (quotes)
src/grammar-registry.js:321 Extra semicolon. (semi)
src/grammar-registry.js:323 Extra semicolon. (semi)
src/grammar-registry.js:325 Extra semicolon. (semi)
src/grammar-registry.js:328 Extra semicolon. (semi)
src/grammar-registry.js:332 Missing space before function parentheses. (space-before-function-paren)
src/grammar-registry.js:333 Extra semicolon. (semi)
src/grammar-registry.js:335 Extra semicolon. (semi)
src/grammar-registry.js:336 Extra semicolon. (semi)
src/grammar-registry.js:340 Missing space before function parentheses. (space-before-function-paren)
src/grammar-registry.js:341 Extra semicolon. (semi)
src/grammar-registry.js:346 Extra semicolon. (semi)
src/grammar-registry.js:351 Extra semicolon. (semi)
src/grammar-registry.js:360 Missing space before function parentheses. (space-before-function-paren)
src/grammar-registry.js:361 Strings must use singlequote. (quotes)
src/grammar-registry.js:361 Extra semicolon. (semi)
src/grammar-registry.js:362 Extra semicolon. (semi)
src/grammar-registry.js:363 Extra semicolon. (semi)
src/grammar-registry.js:372 Missing space before function parentheses. (space-before-function-paren)
src/grammar-registry.js:374 Strings must use singlequote. (quotes)
src/grammar-registry.js:375 Extra semicolon. (semi)
src/grammar-registry.js:376 Extra semicolon. (semi)
src/grammar-registry.js:378 Extra semicolon. (semi)
src/grammar-registry.js:379 Expected { after 'if' condition. (curly)
src/grammar-registry.js:380 Extra semicolon. (semi)
src/grammar-registry.js:389 Missing space before function parentheses. (space-before-function-paren)
src/grammar-registry.js:390 Strings must use singlequote. (quotes)
src/grammar-registry.js:390 Extra semicolon. (semi)
src/grammar-registry.js:391 Extra semicolon. (semi)
src/grammar-registry.js:392 Extra semicolon. (semi)
src/grammar-registry.js:395 Missing space before function parentheses. (space-before-function-paren)
src/grammar-registry.js:396 Extra semicolon. (semi)
src/grammar-registry.js:399 Extra semicolon. (semi)
src/grammar-registry.js:400 Extra semicolon. (semi)
src/grammar-registry.js:408 Extra semicolon. (semi)
src/grammar-registry.js:409 Extra semicolon. (semi)
src/grammar-registry.js:415 Extra semicolon. (semi)
src/grammar-registry.js:416 Extra semicolon. (semi)
src/grammar-registry.js:420 Extra semicolon. (semi)
src/grammar-registry.js:421 Extra semicolon. (semi)
src/grammar-registry.js:422 Extra semicolon. (semi)
src/grammar-registry.js:426 Extra semicolon. (semi)
src/grammar-registry.js:427 Extra semicolon. (semi)
src/grammar-registry.js:436 Missing space before function parentheses. (space-before-function-paren)
src/grammar-registry.js:437 Extra semicolon. (semi)
src/grammar-registry.js:447 Missing space before function parentheses. (space-before-function-paren)
src/grammar-registry.js:448 Extra semicolon. (semi)
src/grammar-registry.js:461 Missing space before function parentheses. (space-before-function-paren)
src/grammar-registry.js:462 Extra semicolon. (semi)
src/grammar-registry.js:465 Extra semicolon. (semi)
src/grammar-registry.js:467 Extra semicolon. (semi)
src/grammar-registry.js:472 Extra semicolon. (semi)
src/grammar-registry.js:475 Extra semicolon. (semi)
src/grammar-registry.js:476 Extra semicolon. (semi)
src/grammar-registry.js:477 Extra semicolon. (semi)
src/grammar-registry.js:480 Missing space before function parentheses. (space-before-function-paren)
src/grammar-registry.js:481 Extra semicolon. (semi)
src/grammar-registry.js:484 Missing space before function parentheses. (space-before-function-paren)
src/grammar-registry.js:485 Extra semicolon. (semi)
src/grammar-registry.js:488 Missing space before function parentheses. (space-before-function-paren)
src/grammar-registry.js:492 Extra semicolon. (semi)
src/grammar-registry.js:495 Missing space before function parentheses. (space-before-function-paren)
src/grammar-registry.js:496 Extra semicolon. (semi)
src/grammar-registry.js:499 Missing space before function parentheses. (space-before-function-paren)
src/grammar-registry.js:502 Extra semicolon. (semi)
src/grammar-registry.js:503 Expected { after 'if' condition. (curly)
src/grammar-registry.js:504 Extra semicolon. (semi)
src/grammar-registry.js:507 Extra semicolon. (semi)
src/grammar-registry.js:510 Extra semicolon. (semi)
src/grammar-registry.js:511 Extra semicolon. (semi)
src/grammar-registry.js:513 Extra semicolon. (semi)
src/grammar-registry.js:517 Missing space before function parentheses. (space-before-function-paren)
src/grammar-registry.js:519 Extra semicolon. (semi)
src/grammar-registry.js:521 Extra semicolon. (semi)
src/grammar-registry.js:525 Missing space before function parentheses. (space-before-function-paren)
src/grammar-registry.js:526 Extra semicolon. (semi)
src/grammar-registry.js:535 Missing space before function parentheses. (space-before-function-paren)
src/grammar-registry.js:537 Extra semicolon. (semi)
src/grammar-registry.js:538 Extra semicolon. (semi)
src/grammar-registry.js:539 Extra semicolon. (semi)
src/grammar-registry.js:540 Extra semicolon. (semi)
src/grammar-registry.js:548 Missing space before function parentheses. (space-before-function-paren)
src/grammar-registry.js:549 Extra semicolon. (semi)
src/grammar-registry.js:550 Extra semicolon. (semi)
src/grammar-registry.js:551 Extra semicolon. (semi)
src/grammar-registry.js:562 Missing space before function parentheses. (space-before-function-paren)
src/grammar-registry.js:563 Extra semicolon. (semi)
src/grammar-registry.js:565 Extra semicolon. (semi)
src/grammar-registry.js:567 Extra semicolon. (semi)
src/grammar-registry.js:569 Extra semicolon. (semi)
src/grammar-registry.js:571 Extra semicolon. (semi)
src/grammar-registry.js:579 Missing space before function parentheses. (space-before-function-paren)
src/grammar-registry.js:583 Extra semicolon. (semi)
src/grammar-registry.js:586 Missing space before function parentheses. (space-before-function-paren)
src/grammar-registry.js:587 Strings must use singlequote. (quotes)
src/grammar-registry.js:588 Extra semicolon. (semi)
src/grammar-registry.js:591 Strings must use singlequote. (quotes)
src/grammar-registry.js:596 Extra semicolon. (semi)
src/grammar-registry.js:598 Extra semicolon. (semi)
src/grammar-registry.js:605 Missing space before function parentheses. (space-before-function-paren)
src/grammar-registry.js:606 Extra semicolon. (semi)
src/grammar-registry.js:609 Missing space before function parentheses. (space-before-function-paren)
src/grammar-registry.js:610 Extra semicolon. (semi)
src/grammar-registry.js:613 Missing space before function parentheses. (space-before-function-paren)
src/grammar-registry.js:614 Extra semicolon. (semi)
src/grammar-registry.js:615 Extra semicolon. (semi)
src/grammar-registry.js:617 Extra semicolon. (semi)
src/grammar-registry.js:619 Extra semicolon. (semi)
src/grammar-registry.js:621 Extra semicolon. (semi)
src/grammar-registry.js:623 Extra semicolon. (semi)
src/grammar-registry.js:624 Extra semicolon. (semi)
src/grammar-registry.js:629 Extra semicolon. (semi)
src/grammar-registry.js:632 Missing space before function parentheses. (space-before-function-paren)
src/grammar-registry.js:636 Strings must use singlequote. (quotes)
src/grammar-registry.js:637 Strings must use singlequote. (quotes)
src/grammar-registry.js:639 Extra semicolon. (semi)
src/grammar-registry.js:642 Strings must use singlequote. (quotes)
src/grammar-registry.js:644 Extra semicolon. (semi)
src/grammar-registry.js:646 Extra semicolon. (semi)
src/grammar-registry.js:648 Missing space before function parentheses. (space-before-function-paren)
src/grammar-registry.js:651 Extra semicolon. (semi)</Chunk>
  </Example>
  <Example>
    <Log>CoffeeScript/Atom@atom/failed/544967184.log</Log>
    <Keywords>prettier/prettier, src/grammar-registry.js, </Keywords>
    <Category>1</Category>
    <Chunk>src/grammar-registry.js:1 Replace `"underscore-plus"` with `'underscore-plus'` (prettier/prettier)
src/grammar-registry.js:2 Replace `"grim"` with `'grim'` (prettier/prettier)
src/grammar-registry.js:3 Replace `"season"` with `'season'` (prettier/prettier)
src/grammar-registry.js:4 Replace `"first-mate"` with `'first-mate'` (prettier/prettier)
src/grammar-registry.js:5 Replace `"event-kit"` with `'event-kit'` (prettier/prettier)
src/grammar-registry.js:6 Replace `"./text-mate-language-mode"` with `'./text-mate-language-mode'` (prettier/prettier)
src/grammar-registry.js:7 Replace `"./tree-sitter-language-mode"` with `'./tree-sitter-language-mode'` (prettier/prettier)
src/grammar-registry.js:8 Replace `"./tree-sitter-grammar"` with `'./tree-sitter-grammar'` (prettier/prettier)
src/grammar-registry.js:9 Replace `"./scope-descriptor"` with `'./scope-descriptor'` (prettier/prettier)
src/grammar-registry.js:10 Replace `"./token"` with `'./token'` (prettier/prettier)
src/grammar-registry.js:11 Replace `"fs-plus"` with `'fs-plus'` (prettier/prettier)
src/grammar-registry.js:12 Replace `"text-buffer"` with `'text-buffer'` (prettier/prettier)
src/grammar-registry.js:14 Replace `"[/.]"` with `'[/.]'` (prettier/prettier)
src/grammar-registry.js:45 Replace `"core.useTreeSitterParsers"` with `'core.useTreeSitterParsers'` (prettier/prettier)
src/grammar-registry.js:221 Replace `"utf8"` with `'utf8'` (prettier/prettier)
src/grammar-registry.js:264 Replace `"win32"` with `'win32'` (prettier/prettier)
src/grammar-registry.js:265 Replace `"/"` with `'/'` (prettier/prettier)
src/grammar-registry.js:272 Replace `"core.customFileTypes"` with `'core.customFileTypes'` (prettier/prettier)
src/grammar-registry.js:273 Replace `"core.customFileTypes"` with `'core.customFileTypes'` (prettier/prettier)
src/grammar-registry.js:304 Replace `"\\"` with `'\\'` (prettier/prettier)
src/grammar-registry.js:307 Replace `"n"` with `'n'` (prettier/prettier)
src/grammar-registry.js:319 Replace `"\n"` with `'\n'` (prettier/prettier)
src/grammar-registry.js:321 Replace `"\n"` with `'\n'` (prettier/prettier)
src/grammar-registry.js:361 Replace `"Use·buffer.getLanguageMode().getLanguageId()·instead"` with `'Use·buffer.getLanguageMode().getLanguageId()·instead'` (prettier/prettier)
src/grammar-registry.js:374 Replace `"Use·atom.grammars.assignLanguageMode(buffer,·languageId)·instead"` with `'Use·atom.grammars.assignLanguageMode(buffer,·languageId)·instead'` (prettier/prettier)
src/grammar-registry.js:390 Replace `"Use·atom.grammars.autoAssignLanguageMode(buffer)·instead"` with `'Use·atom.grammars.autoAssignLanguageMode(buffer)·instead'` (prettier/prettier)
src/grammar-registry.js:587 Replace `"tree-sitter"` with `'tree-sitter'` (prettier/prettier)
src/grammar-registry.js:591 Replace `"string"` with `'string'` (prettier/prettier)
src/grammar-registry.js:636 Replace `"darwin"` with `'darwin'` (prettier/prettier)
src/grammar-registry.js:637 Replace `"os"` with `'os'` (prettier/prettier)
src/grammar-registry.js:642 Replace `"core.useTreeSitterParsers"` with `'core.useTreeSitterParsers'` (prettier/prettier)</Chunk>
  </Example>
  <Example>
    <Log>CoffeeScript/Atom@atom/failed/544975039.log</Log>
    <Keywords>src/grammar-registry.js, , </Keywords>
    <Category>1</Category>
    <Chunk>src/grammar-registry.js:639 Insert `;` (prettier/prettier)</Chunk>
  </Example>
</Examples>
