<?xml version="1.0" encoding="UTF-8"?>
<Examples>
  <Example>
    <Log>CoffeeScript/postcss@autoprefixer/failed/460085832.log</Log>
    <Keywords>FAIL, , </Keywords>
    <Category>0</Category>
    <Chunk>FAIL [39m[22m[27m[0m [2mtest/[22m[1mautoprefixer.test.js[22m ([0m[1m[41m11.408s[49m[22m[0m)
[1m[31m  [1m● [1mprevents doubling prefixes[39m[22m

    [2mexpect([22m[31mreceived[39m[2m).toEqual([22m[32mexpected[39m[2m)[22m

    Expected value to equal:
      [32m".a {[39m
    [32m  -ms-grid-row: 5;[39m
    [32m  -ms-grid-row-span: 1;[39m
    [32m  -ms-grid-column: 1;[39m
    [32m  -ms-grid-column-span: 5;[39m
    [32m  grid-area: 5 / 1 / span 1 / span 5;[39m
    [32m}[7m[39m
    [32m[27m[39m
    [32m.b {[39m
    [32m  -ms-grid-row: 3;[39m
    [32m  -ms-grid-row-span: 1;[39m
    [32m  -ms-grid-column: 1;[39m
    [32m  -ms-grid-column-span: 3;[39m
    [32m  grid-area: span 1 / span 3 / 4 / 4;[39m
    [32m}[7m[39m
    [32m[27m[39m
    [32m.c {[39m
    [32m  -ms-grid-row: 2;[39m
    [32m  -ms-grid-column: 2;[39m
    [32m  grid-area: 2 / 2;[39m
    [32m}[7m[39m
    [32m[27m[39m
    [32m.d {[39m
    [32m  grid-area: \"custom-ident\";[39m
    [32m}[7m[39m
    [32m[27m[39m
    [32m.e {[39m
    [32m  -ms-grid-row: 2;[39m
    [32m  -ms-grid-row-span: 1;[39m
    [32m  -ms-grid-column: 2;[39m
    [32m  -ms-grid-column-span: 6;[39m
    [32m  grid-area: 2 / 2 / 3 / 8;[39m
    [32m}[7m[39m
    [32m[27m[39m
    [32m.f {[39m
    [32m  -ms-grid-row: 2;[39m
    [32m  -ms-grid-row-span: 1;[39m
    [32m  -ms-grid-column: 2;[39m
    [32m  grid-area: 2 / 2 / 3;[39m
    [32m}[7m[39m
    [32m[27m[39m
    [32m/* emit warning */[39m
    [32m.g {[39m
    [32m  -ms-grid-row: 3;[39m
    [32m  -ms-grid-column: 1;[39m
    [32m  grid-area: 3 / 1;[39m
    [32m  grid-row: 1;[39m
    [32m  grid-column: 2;[39m
    [32m}[39m
    [32m"[39m
    Received:
      [31m".a {[39m
    [31m  -ms-grid-row: 5;[39m
    [31m  -ms-grid-row-span: 1;[39m
    [31m  -ms-grid-column: 1;[39m
    [31m  -ms-grid-column-span: 5;[39m
    [31m  grid-area: 5 / 1 / span 1 / span 5;[39m
    [31m}[7m[39m
    [31m[27m[39m
    [31m.b {[39m
    [31m  -ms-grid-row: 3;[39m
    [31m  -ms-grid-row-span: 1;[39m
    [31m  -ms-grid-column: 1;[39m
    [31m  -ms-grid-column-span: 3;[39m
    [31m  grid-area: span 1 / span 3 / 4 / 4;[39m
    [31m}[7m[39m
    [31m[27m[39m
    [31m.c {[39m
    [31m  -ms-grid-row: 2;[39m
    [31m  -ms-grid-column: 2;[39m
    [31m  grid-area: 2 / 2;[39m
    [31m}[7m[39m
    [31m[27m[39m
    [31m.d {[39m
    [31m  grid-area: \"custom-ident\";[39m
    [31m}[7m[39m
    [31m[27m[39m
    [31m.e {[39m
    [31m  -ms-grid-row: 2;[39m
    [31m  -ms-grid-row-span: 1;[39m
    [31m  -ms-grid-column: 2;[39m
    [31m  -ms-grid-column-span: 6;[39m
    [31m  grid-area: 2 / 2 / 3 / 8;[39m
    [31m}[7m[39m
    [31m[27m[39m
    [31m.f {[39m
    [31m  -ms-grid-row: 2;[39m
    [31m  -ms-grid-row-span: 1;[39m
    [31m  -ms-grid-column: 2;[39m
    [31m  grid-area: 2 / 2 / 3;[39m
    [31m}[7m[39m
    [31m[27m[39m
    [31m/* emit warning */[39m
    [31m.g {[39m
    [31m  -ms-grid-row: 3;[39m
    [31m  -ms-grid-column: 1;[39m
    [31m  grid-area: 3 / 1;[39m
    [31m  grid-row: 1;[39m
    [31m  grid-column: 2;[39m
    [31m}[7m[39m
    [31m[27m[39m
    [31m.h {[39m
    [31m  -ms-grid-row: 3;[39m
    [31m  -ms-grid-column: 1;[39m
    [31m  grid-area: 3 / 1;[39m
    [31m  -ms-grid-column-span: 4;[39m
    [31m  grid-column: 1 / span 4;[39m
    [31m}[7m[39m
    [31m[27m[39m
    [31m/* there should be no warning */[39m
    [31m.i {[39m
    [31m  -ms-grid-row: 3;[39m
    [31m  -ms-grid-column: 1;[39m
    [31m  grid-area: 3 / 1;[39m
    [31m  -ms-grid-column-span: 4;[39m
    [31m  grid-column-end: span 4;[39m
    [31m}[7m[39m
    [31m[27m[39m
    [31m.j {[39m
    [31m  -ms-grid-row: 3;[39m
    [31m  -ms-grid-column: 1;[39m
    [31m  grid-area: 3 / 1;[39m
    [31m  -ms-grid-row-span: 4;[39m
    [31m  grid-row-end: span 4;[39m
    [31m}[39m
    [31m"[39m

    Difference:

    [32m- Expected[39m
    [31m+ Received[39m

    [33m@@ -46,5 +46,30 @@[39m
    [2m    grid-area: 3 / 1;[22m
    [2m    grid-row: 1;[22m
    [2m    grid-column: 2;[22m
    [2m  }[22m
    [2m  [22m
    [31m+ .h {[39m
    [31m+   -ms-grid-row: 3;[39m
    [31m+   -ms-grid-column: 1;[39m
    [31m+   grid-area: 3 / 1;[39m
    [31m+   -ms-grid-column-span: 4;[39m
    [31m+   grid-column: 1 / span 4;[39m
    [31m+ }[39m
    [31m+ [39m
    [31m+ /* there should be no warning */[39m
    [31m+ .i {[39m
    [31m+   -ms-grid-row: 3;[39m
    [31m+   -ms-grid-column: 1;[39m
    [31m+   grid-area: 3 / 1;[39m
    [31m+   -ms-grid-column-span: 4;[39m
    [31m+   grid-column-end: span 4;[39m
    [31m+ }[39m
    [31m+ [39m
    [31m+ .j {[39m
    [31m+   -ms-grid-row: 3;[39m
    [31m+   -ms-grid-column: 1;[39m
    [31m+   grid-area: 3 / 1;[39m
    [31m+   -ms-grid-row-span: 4;[39m
    [31m+   grid-row-end: span 4;[39m
    [31m+ }[39m
    [31m+ [39m
[2m[22m
[2m    [0m [90m 333 | [39m    let input [33m=[39m read(type)[0m[22m
[2m    [0m [90m 334 | [39m    let output [33m=[39m read(type [33m+[39m [32m'.out'[39m)[0m[22m
[2m    [0m[31m[1m&gt;[2m[39m[90m 335 | [39m    expect(processor[33m.[39mprocess(processor[33m.[39mprocess(input))[33m.[39mcss)[33m.[39mtoEqual(output)[0m[22m
[2m    [0m [90m     | [39m                                                            [31m[1m^[2m[39m[0m[22m
[2m    [0m [90m 336 | [39m  }[0m[22m
[2m    [0m [90m 337 | [39m})[0m[22m
[2m    [0m [90m 338 | [39m[0m[22m
[2m[22m
[2m      [2mat Object.toEqual ([2m[0m[36mtest/autoprefixer.test.js[39m[0m[2m:335:61)</Chunk>
  </Example>
  <Example>
    <Log>CoffeeScript/postcss@autoprefixer/failed/460092373.log</Log>
    <Keywords>FAIL, , </Keywords>
    <Category>0</Category>
    <Category/>
    <Chunk>FAIL [39m[22m[27m[0m [2mtest/[22m[1mautoprefixer.test.js[22m ([0m[1m[41m12.411s[49m[22m[0m)
[1m[31m  [1m● [1mprevents doubling prefixes[39m[22m

    [2mexpect([22m[31mreceived[39m[2m).toEqual([22m[32mexpected[39m[2m)[22m

    Expected value to equal:
      [32m".a {[39m
    [32m  -ms-grid-row: 5;[39m
    [32m  -ms-grid-row-span: 1;[39m
    [32m  -ms-grid-column: 1;[39m
    [32m  -ms-grid-column-span: 5;[39m
    [32m  grid-area: 5 / 1 / span 1 / span 5;[39m
    [32m}[7m[39m
    [32m[27m[39m
    [32m.b {[39m
    [32m  -ms-grid-row: 3;[39m
    [32m  -ms-grid-row-span: 1;[39m
    [32m  -ms-grid-column: 1;[39m
    [32m  -ms-grid-column-span: 3;[39m
    [32m  grid-area: span 1 / span 3 / 4 / 4;[39m
    [32m}[7m[39m
    [32m[27m[39m
    [32m.c {[39m
    [32m  -ms-grid-row: 2;[39m
    [32m  -ms-grid-column: 2;[39m
    [32m  grid-area: 2 / 2;[39m
    [32m}[7m[39m
    [32m[27m[39m
    [32m.d {[39m
    [32m  grid-area: \"custom-ident\";[39m
    [32m}[7m[39m
    [32m[27m[39m
    [32m.e {[39m
    [32m  -ms-grid-row: 2;[39m
    [32m  -ms-grid-row-span: 1;[39m
    [32m  -ms-grid-column: 2;[39m
    [32m  -ms-grid-column-span: 6;[39m
    [32m  grid-area: 2 / 2 / 3 / 8;[39m
    [32m}[7m[39m
    [32m[27m[39m
    [32m.f {[39m
    [32m  -ms-grid-row: 2;[39m
    [32m  -ms-grid-row-span: 1;[39m
    [32m  -ms-grid-column: 2;[39m
    [32m  grid-area: 2 / 2 / 3;[39m
    [32m}[7m[39m
    [32m[27m[39m
    [32m/* emit warning */[39m
    [32m.g {[39m
    [32m  -ms-grid-row: 3;[39m
    [32m  -ms-grid-column: 1;[39m
    [32m  grid-area: 3 / 1;[39m
    [32m  grid-row: 1;[39m
    [32m  grid-column: 2;[39m
    [32m}[7m[39m
    [32m[27m[39m
    [32m.h {[39m
    [32m  -ms-grid-row: 3;[39m
    [32m  -ms-grid-column: 1;[39m
    [32m  grid-area: 3 / 1;[39m
    [32m  -ms-grid-column-span: 4;[39m
    [32m  grid-column: 1 / span 4;[39m
    [32m}[7m[39m
    [32m[27m[39m
    [32m/* there should be no warning */[39m
    [32m.i {[39m
    [32m  -ms-grid-row: 3;[39m
    [32m  -ms-grid-column: 1;[39m
    [32m  grid-area: 3 / 1;[39m
    [32m  -ms-grid-column-span: 4;[39m
    [32m  grid-column-end: span 4;[39m
    [32m}[7m[39m
    [32m[27m[39m
    [32m.j {[39m
    [32m  -ms-grid-row: 3;[39m
    [32m  -ms-grid-column: 1;[39m
    [32m  grid-area: 3 / 1;[39m
    [32m  -ms-grid-row-span: 4;[39m
    [32m  grid-row-end: span 4;[39m
    [32m}"[39m
    Received:
      [31m".a {[39m
    [31m  -ms-grid-row: 5;[39m
    [31m  -ms-grid-row-span: 1;[39m
    [31m  -ms-grid-column: 1;[39m
    [31m  -ms-grid-column-span: 5;[39m
    [31m  grid-area: 5 / 1 / span 1 / span 5;[39m
    [31m}[7m[39m
    [31m[27m[39m
    [31m.b {[39m
    [31m  -ms-grid-row: 3;[39m
    [31m  -ms-grid-row-span: 1;[39m
    [31m  -ms-grid-column: 1;[39m
    [31m  -ms-grid-column-span: 3;[39m
    [31m  grid-area: span 1 / span 3 / 4 / 4;[39m
    [31m}[7m[39m
    [31m[27m[39m
    [31m.c {[39m
    [31m  -ms-grid-row: 2;[39m
    [31m  -ms-grid-column: 2;[39m
    [31m  grid-area: 2 / 2;[39m
    [31m}[7m[39m
    [31m[27m[39m
    [31m.d {[39m
    [31m  grid-area: \"custom-ident\";[39m
    [31m}[7m[39m
    [31m[27m[39m
    [31m.e {[39m
    [31m  -ms-grid-row: 2;[39m
    [31m  -ms-grid-row-span: 1;[39m
    [31m  -ms-grid-column: 2;[39m
    [31m  -ms-grid-column-span: 6;[39m
    [31m  grid-area: 2 / 2 / 3 / 8;[39m
    [31m}[7m[39m
    [31m[27m[39m
    [31m.f {[39m
    [31m  -ms-grid-row: 2;[39m
    [31m  -ms-grid-row-span: 1;[39m
    [31m  -ms-grid-column: 2;[39m
    [31m  grid-area: 2 / 2 / 3;[39m
    [31m}[7m[39m
    [31m[27m[39m
    [31m/* emit warning */[39m
    [31m.g {[39m
    [31m  -ms-grid-row: 3;[39m
    [31m  -ms-grid-column: 1;[39m
    [31m  grid-area: 3 / 1;[39m
    [31m  grid-row: 1;[39m
    [31m  grid-column: 2;[39m
    [31m}[7m[39m
    [31m[27m[39m
    [31m.h {[39m
    [31m  -ms-grid-row: 3;[39m
    [31m  -ms-grid-column: 1;[39m
    [31m  grid-area: 3 / 1;[39m
    [31m  -ms-grid-column-span: 4;[39m
    [31m  grid-column: 1 / span 4;[39m
    [31m}[7m[39m
    [31m[27m[39m
    [31m/* there should be no warning */[39m
    [31m.i {[39m
    [31m  -ms-grid-row: 3;[39m
    [31m  -ms-grid-column: 1;[39m
    [31m  grid-area: 3 / 1;[39m
    [31m  -ms-grid-column-span: 4;[39m
    [31m  grid-column-end: span 4;[39m
    [31m}[7m[39m
    [31m[27m[39m
    [31m.j {[39m
    [31m  -ms-grid-row: 3;[39m
    [31m  -ms-grid-column: 1;[39m
    [31m  grid-area: 3 / 1;[39m
    [31m  -ms-grid-row-span: 4;[39m
    [31m  grid-row-end: span 4;[39m
    [31m}[39m
    [31m"[39m

    Difference:

    [32m- Expected[39m
    [31m+ Received[39m

    [33m@@ -70,5 +70,6 @@[39m
    [2m    -ms-grid-column: 1;[22m
    [2m    grid-area: 3 / 1;[22m
    [2m    -ms-grid-row-span: 4;[22m
    [2m    grid-row-end: span 4;[22m
    [2m  }[22m
    [31m+ [39m
[2m[22m
[2m    [0m [90m 333 | [39m    let input [33m=[39m read(type)[0m[22m
[2m    [0m [90m 334 | [39m    let output [33m=[39m read(type [33m+[39m [32m'.out'[39m)[0m[22m
[2m    [0m[31m[1m&gt;[2m[39m[90m 335 | [39m    expect(processor[33m.[39mprocess(processor[33m.[39mprocess(input))[33m.[39mcss)[33m.[39mtoEqual(output)[0m[22m
[2m    [0m [90m     | [39m                                                            [31m[1m^[2m[39m[0m[22m
[2m    [0m [90m 336 | [39m  }[0m[22m
[2m    [0m [90m 337 | [39m})[0m[22m
[2m    [0m [90m 338 | [39m[0m[22m
[2m[22m
[2m      [2mat Object.toEqual ([2m[0m[36mtest/autoprefixer.test.js[39m[0m[2m:335:61)</Chunk>
  </Example>
  <Example>
    <Log>CoffeeScript/postcss@autoprefixer/failed/462651213.log</Log>
    <Keywords>size limit has exceeded, error, </Keywords>
    <Category>1</Category>
    <Chunk>Package size limit has exceeded by 934 B[39m
  Package size: [1m[31m103.91 KB[39m[22m
  Size limit:   [1m103 KB[22m
[90m  With all dependencies, minified and gzipped</Chunk>
  </Example>
  <Example>
    <Log>CoffeeScript/postcss@autoprefixer/failed/468714887.log</Log>
    <Keywords>size limit has exceeded, error, </Keywords>
    <Category>1</Category>
    <Chunk>Package size limit has exceeded by 49 B[39m
  Package size: [1m[31m104.05 KB[39m[22m
  Size limit:   [1m104 KB[22m
[90m  With all dependencies, minified and gzipped</Chunk>
  </Example>
  <Example>
    <Log>CoffeeScript/postcss@autoprefixer/failed/468796607.log</Log>
    <Keywords>size limit has exceeded, error, </Keywords>
    <Category>1</Category>
    <Chunk>Package size limit has exceeded by 49 B[39m
  Package size: [1m[31m104.05 KB[39m[22m
  Size limit:   [1m104 KB[22m
[90m  With all dependencies, minified and gzipped</Chunk>
  </Example>
  <Example>
    <Log>CoffeeScript/postcss@autoprefixer/failed/474577649.log</Log>
    <Keywords>FAIL, , </Keywords>
    <Category>0</Category>
    <Chunk>FAIL [39m[22m[27m[0m [2mtest/[22m[1mautoprefixer.test.js[22m ([0m[1m[41m11.3s[49m[22m[0m)
[1m[31m  [1m● [1mhacks › supports grid layout[39m[22m

    [2mexpect([22m[31mreceived[39m[2m).toEqual([22m[32mexpected[39m[2m)[22m

    Expected value to equal:
      [32m["autoprefixer: css input&gt;:3:3: Autoplacement does not work without grid-template-rows property", "autoprefixer: css input&gt;:12:3: Autoplacement does not work without grid-template-columns property", "autoprefixer: css input&gt;:36:3: Can not prefix grid-column-end (grid-column-start is not found)", "autoprefixer: css input&gt;:39:3: Can not impliment grid-gap without grid-tamplate-columns", "autoprefixer: css input&gt;:39:3: Can not find grid areas: head, nav, main, foot", "autoprefixer: css input&gt;:47:3: Can not impliment grid-gap without grid-tamplate-columns", "autoprefixer: css input&gt;:47:3: Can not find grid areas: a", "autoprefixer: css input&gt;:55:3: Can not impliment grid-gap without grid-tamplate-columns", "autoprefixer: css input&gt;:55:3: Can not find grid areas: b", "autoprefixer: css input&gt;:63:3: Can not find grid areas: c", "autoprefixer: css input&gt;:71:3: Can not find grid areas: d", "autoprefixer: css input&gt;:99:3: grid-column-span is not part of final Grid Layout. Use grid-column.", "autoprefixer: css input&gt;:100:3: grid-row-span is not part of final Grid Layout. Use grid-row.", "autoprefixer: css input&gt;:101:3: grid-auto-columns is not supported by IE", "autoprefixer: css input&gt;:102:3: grid-auto-rows is not supported by IE", "autoprefixer: css input&gt;:104:33: auto-fill value is not supported by IE", "autoprefixer: css input&gt;:105:30: auto-fit value is not supported by IE", "autoprefixer: css input&gt;:121:3: Please do not use display: contents; if you have grid setting enabled", "autoprefixer: css input&gt;:125:3: IE does not support align-items on grid containers. Try using align-self on child elements instead: .warn_ie_align &gt; * { align-self: center }", "autoprefixer: css input&gt;:130:3: IE does not support justify-items on grid containers. Try using justify-self on child elements instead: .warn_ie_justify &gt; * { justify-self: center }", "autoprefixer: css input&gt;:135:3: IE does not support justify-content on grid containers", "autoprefixer: css input&gt;:140:3: IE does not support place-items on grid containers. Try using place-self on child elements instead: .warn_place_items &gt; * { place-self: start end }", "autoprefixer: css input&gt;:164:3: grid-auto-flow is not supported by IE"][39m
    Received:
      [31m["autoprefixer: css input&gt;:3:3: Autoplacement does not work without grid-template-rows property", "autoprefixer: css input&gt;:12:3: Autoplacement does not work without grid-template-columns property", "autoprefixer: css input&gt;:36:3: Can not prefix grid-column-end (grid-column-start is not found)", "autoprefixer: css input&gt;:39:3: Can not impliment grid-gap without grid-template-columns", "autoprefixer: css input&gt;:39:3: Can not find grid areas: head, nav, main, foot", "autoprefixer: css input&gt;:47:3: Can not impliment grid-gap without grid-template-columns", "autoprefixer: css input&gt;:47:3: Can not find grid areas: a", "autoprefixer: css input&gt;:55:3: Can not impliment grid-gap without grid-template-columns", "autoprefixer: css input&gt;:55:3: Can not find grid areas: b", "autoprefixer: css input&gt;:63:3: Can not find grid areas: c", "autoprefixer: css input&gt;:71:3: Can not find grid areas: d", "autoprefixer: css input&gt;:99:3: grid-column-span is not part of final Grid Layout. Use grid-column.", "autoprefixer: css input&gt;:100:3: grid-row-span is not part of final Grid Layout. Use grid-row.", "autoprefixer: css input&gt;:101:3: grid-auto-columns is not supported by IE", "autoprefixer: css input&gt;:102:3: grid-auto-rows is not supported by IE", "autoprefixer: css input&gt;:104:33: auto-fill value is not supported by IE", "autoprefixer: css input&gt;:105:30: auto-fit value is not supported by IE", "autoprefixer: css input&gt;:121:3: Please do not use display: contents; if you have grid setting enabled", "autoprefixer: css input&gt;:125:3: IE does not support align-items on grid containers. Try using align-self on child elements instead: .warn_ie_align &gt; * { align-self: center }", "autoprefixer: css input&gt;:130:3: IE does not support justify-items on grid containers. Try using justify-self on child elements instead: .warn_ie_justify &gt; * { justify-self: center }", "autoprefixer: css input&gt;:135:3: IE does not support justify-content on grid containers", "autoprefixer: css input&gt;:140:3: IE does not support place-items on grid containers. Try using place-self on child elements instead: .warn_place_items &gt; * { place-self: start end }", "autoprefixer: css input&gt;:164:3: grid-auto-flow is not supported by IE"][39m

    Difference:

    [32m- Expected[39m
    [31m+ Received[39m

    [33m@@ -1,14 +1,14 @@[39m
    [2m  Array [[22m
    [2m    "autoprefixer: css input&gt;:3:3: Autoplacement does not work without grid-template-rows property",[22m
    [2m    "autoprefixer: css input&gt;:12:3: Autoplacement does not work without grid-template-columns property",[22m
    [2m    "autoprefixer: css input&gt;:36:3: Can not prefix grid-column-end (grid-column-start is not found)",[22m
    [32m-   "autoprefixer: css input&gt;:39:3: Can not impliment grid-gap without grid-tamplate-columns",[39m
    [31m+   "autoprefixer: css input&gt;:39:3: Can not impliment grid-gap without grid-template-columns",[39m
    [2m    "autoprefixer: css input&gt;:39:3: Can not find grid areas: head, nav, main, foot",[22m
    [32m-   "autoprefixer: css input&gt;:47:3: Can not impliment grid-gap without grid-tamplate-columns",[39m
    [31m+   "autoprefixer: css input&gt;:47:3: Can not impliment grid-gap without grid-template-columns",[39m
    [2m    "autoprefixer: css input&gt;:47:3: Can not find grid areas: a",[22m
    [32m-   "autoprefixer: css input&gt;:55:3: Can not impliment grid-gap without grid-tamplate-columns",[39m
    [31m+   "autoprefixer: css input&gt;:55:3: Can not impliment grid-gap without grid-template-columns",[39m
    [2m    "autoprefixer: css input&gt;:55:3: Can not find grid areas: b",[22m
    [2m    "autoprefixer: css input&gt;:63:3: Can not find grid areas: c",[22m
    [2m    "autoprefixer: css input&gt;:71:3: Can not find grid areas: d",[22m
    [2m    "autoprefixer: css input&gt;:99:3: grid-column-span is not part of final Grid Layout. Use grid-column.",[22m
    [2m    "autoprefixer: css input&gt;:100:3: grid-row-span is not part of final Grid Layout. Use grid-row.",[22m
[2m[22m
[2m    [0m [90m 600 | [39m[0m[22m
[2m    [0m [90m 601 | [39m    expect(result[33m.[39mcss)[33m.[39mtoEqual(output)[0m[22m
[2m    [0m[31m[1m&gt;[2m[39m[90m 602 | [39m    expect(result[33m.[39mwarnings()[33m.[39mmap(i [33m=&gt;[39m i[33m.[39mtoString()))[33m.[39mtoEqual([[0m[22m
[2m    [0m [90m     | [39m                                                     [31m[1m^[2m[39m[0m[22m
[2m    [0m [90m 603 | [39m      [32m'autoprefixer: css input&gt;:3:3: Autoplacement does not work '[39m [33m+[39m[0m[22m
[2m    [0m [90m 604 | [39m        [32m'without grid-template-rows property'[39m[33m,[39m[0m[22m
[2m    [0m [90m 605 | [39m      [32m'autoprefixer: css input&gt;:12:3: Autoplacement does not work '[39m [33m+[39m[0m[22m
[2m[22m
[2m      [2mat Object.toEqual ([2m[0m[36mtest/autoprefixer.test.js[39m[0m[2m:602:54)</Chunk>
  </Example>
  <Example>
    <Log>CoffeeScript/postcss@autoprefixer/failed/502902139.log</Log>
    <Keywords>FAIL, , </Keywords>
    <Category>0</Category>
    <Chunk>FAIL [39m[22m[27m[0m [2mtest/[22m[1mautoprefixer.test.js[22m
  [1m● [22mTest suite failed to run

    TypeError: Cannot assign to read only property 'Symbol(Symbol.toStringTag)' of object '#process&gt;'

      [2mat _default ([22mnode_modules/jest-util/build/createProcessObject.js[2m:85:34)[22m

[0m[7m[1m[31m FAIL [39m[22m[27m[0m [2mtest/[22m[1mprefixes.test.js[22m
  [1m● [22mTest suite failed to run

    TypeError: Cannot assign to read only property 'Symbol(Symbol.toStringTag)' of object '#process&gt;'

      [2mat _default ([22mnode_modules/jest-util/build/createProcessObject.js[2m:85:34)[22m

[0m[7m[1m[31m FAIL [39m[22m[27m[0m [2mtest/[22m[1msupports.test.js[22m
  [1m● [22mTest suite failed to run

    TypeError: Cannot assign to read only property 'Symbol(Symbol.toStringTag)' of object '#process&gt;'

      [2mat _default ([22mnode_modules/jest-util/build/createProcessObject.js[2m:85:34)[22m

[0m[7m[1m[31m FAIL [39m[22m[27m[0m [2mtest/[22m[1mdeclaration.test.js[22m
  [1m● [22mTest suite failed to run

    TypeError: Cannot assign to read only property 'Symbol(Symbol.toStringTag)' of object '#process&gt;'

      [2mat _default ([22mnode_modules/jest-util/build/createProcessObject.js[2m:85:34)[22m

[0m[7m[1m[31m FAIL [39m[22m[27m[0m [2mtest/[22m[1mselector.test.js[22m
  [1m● [22mTest suite failed to run

    TypeError: Cannot assign to read only property 'Symbol(Symbol.toStringTag)' of object '#process&gt;'

      [2mat _default ([22mnode_modules/jest-util/build/createProcessObject.js[2m:85:34)[22m

[0m[7m[1m[31m FAIL [39m[22m[27m[0m [2mtest/[22m[1mvalue.test.js[22m
  [1m● [22mTest suite failed to run

    TypeError: Cannot assign to read only property 'Symbol(Symbol.toStringTag)' of object '#process&gt;'

      [2mat _default ([22mnode_modules/jest-util/build/createProcessObject.js[2m:85:34)[22m

[0m[7m[1m[31m FAIL [39m[22m[27m[0m [2mtest/[22m[1mutils.test.js[22m
  [1m● [22mTest suite failed to run

    TypeError: Cannot assign to read only property 'Symbol(Symbol.toStringTag)' of object '#process&gt;'

      [2mat _default ([22mnode_modules/jest-util/build/createProcessObject.js[2m:85:34)[22m

[0m[7m[1m[31m FAIL [39m[22m[27m[0m [2mtest/[22m[1minfo.test.js[22m
  [1m● [22mTest suite failed to run

    TypeError: Cannot assign to read only property 'Symbol(Symbol.toStringTag)' of object '#process&gt;'

      [2mat _default ([22mnode_modules/jest-util/build/createProcessObject.js[2m:85:34)[22m

[0m[7m[1m[31m FAIL [39m[22m[27m[0m [2mtest/[22m[1mprefixer.test.js[22m
  [1m● [22mTest suite failed to run

    TypeError: Cannot assign to read only property 'Symbol(Symbol.toStringTag)' of object '#process&gt;'

      [2mat _default ([22mnode_modules/jest-util/build/createProcessObject.js[2m:85:34)[22m

[0m[7m[1m[31m FAIL [39m[22m[27m[0m [2mtest/[22m[1mbrowsers.test.js[22m
  [1m● [22mTest suite failed to run

    TypeError: Cannot assign to read only property 'Symbol(Symbol.toStringTag)' of object '#process&gt;'

      [2mat _default ([22mnode_modules/jest-util/build/createProcessObject.js[2m:85:34)[22m

[0m[7m[1m[31m FAIL [39m[22m[27m[0m [2mtest/[22m[1mold-selector.test.js[22m
  [1m● [22mTest suite failed to run

    TypeError: Cannot assign to read only property 'Symbol(Symbol.toStringTag)' of object '#process&gt;'

      [2mat _default ([22mnode_modules/jest-util/build/createProcessObject.js[2m:85:34)[22m

[0m[7m[1m[31m FAIL [39m[22m[27m[0m [2mtest/[22m[1mbrackets.test.js[22m
  [1m● [22mTest suite failed to run

    TypeError: Cannot assign to read only property 'Symbol(Symbol.toStringTag)' of object '#process&gt;'

      [2mat _default ([22mnode_modules/jest-util/build/createProcessObject.js[2m:85:34)[22m

[0m[7m[1m[31m FAIL [39m[22m[27m[0m [2mtest/[22m[1mat-rule.test.js[22m
  [1m● [22mTest suite failed to run

    TypeError: Cannot assign to read only property 'Symbol(Symbol.toStringTag)' of object '#process&gt;'

      [2mat _default ([22mnode_modules/jest-util/build/createProcessObject.js[2m:85:34)[22m

[0m[7m[1m[31m FAIL [39m[22m[27m[0m [2mtest/[22m[1mold-value.test.js[22m
  [1m● [22mTest suite failed to run

    TypeError: Cannot assign to read only property 'Symbol(Symbol.toStringTag)' of object '#process&gt;'

      [2mat _default ([22mnode_modules/jest-util/build/createProcessObject.js[2m:85:34)</Chunk>
  </Example>
  <Example>
    <Log>CoffeeScript/postcss@autoprefixer/failed/524727137.log</Log>
    <Keywords>FAIL, , </Keywords>
    <Category>0</Category>
    <Chunk>FAIL [39m[22m[27m[0m [2mtest/[22m[1mautoprefixer.test.js[22m ([0m[1m[41m12.319s[49m[22m[0m)
[1m[31m  [1m● [1mhas actual example in docs[39m[22m

    [2mexpect([22m[31mreceived[39m[2m).toEqual([22m[32mexpected[39m[2m)[22m

    Difference:

    [32m- Expected[39m
    [31m+ Received[39m

    [33m@@ -1,8 +1,11 @@[39m
    [2m  ::-webkit-input-placeholder {[22m
    [2m    color: gray;[22m
    [2m  }[22m
    [31m+ ::-moz-placeholder {[39m
    [31m+   color: gray;[39m
    [31m+ }[39m
    [2m  :-ms-input-placeholder {[22m
    [2m    color: gray;[22m
    [2m  }[22m
    [2m  ::-ms-input-placeholder {[22m
    [2m    color: gray;[22m
[2m[22m
[2m    [0m [90m 148 | [39m  let result [33m=[39m postcss([instance])[33m.[39mprocess(input)[0m[22m
[2m    [0m [90m 149 | [39m  expect(result[33m.[39mwarnings())[33m.[39mtoHaveLength([35m0[39m)[0m[22m
[2m    [0m[31m[1m&gt;[2m[39m[90m 150 | [39m  expect(universalizer(result[33m.[39mcss))[33m.[39mtoEqual(universalizer(output))[0m[22m
[2m    [0m [90m     | [39m                                    [31m[1m^[2m[39m[0m[22m
[2m    [0m [90m 151 | [39m}[0m[22m
[2m    [0m [90m 152 | [39m[0m[22m
[2m    [0m [90m 153 | [39m[36mconst[39m [33mCOMMONS[39m [33m=[39m [[0m[22m
[2m[22m
[2m      [2mat toEqual ([2m[0m[36mtest/autoprefixer.test.js[39m[0m[2m:150:37)[2m[22m
[2m      [2mat Object.check ([2m[0m[36mtest/autoprefixer.test.js[39m[0m[2m:238:40)</Chunk>
  </Example>
  <Example>
    <Log>CoffeeScript/postcss@autoprefixer/failed/547185725.log</Log>
    <Keywords>size limit has exceeded, error, </Keywords>
    <Category>1</Category>
    <Chunk>Package size limit has exceeded by 4.72 KB[39m
  Size limit:   [1m110 KB[22m
  Package size: [31m[1m114.72 KB[22m[39m [90mwith all dependencies, minified and gzipped</Chunk>
  </Example>
  <Example>
    <Log>CoffeeScript/postcss@autoprefixer/failed/554480449.log</Log>
    <Keywords>size limit has exceeded, error, </Keywords>
    <Category>1</Category>
    <Chunk>Package size limit has exceeded by 624 B[39m
  Size limit:   [1m110 KB[22m
  Package size: [31m[1m110.61 KB[22m[39m [90mwith all dependencies, minified and gzipped</Chunk>
  </Example>
</Examples>
