<?xml version="1.0" encoding="UTF-8"?>
<Examples>
  <Example>
    <Log>Scala/akka@akka/failed/560939223.log</Log>
    <Keywords>error, , </Keywords>
    <Category>0</Category>
    <Chunk>error[0m] [0m[0m/home/travis/build/akka/akka/akka-remote-tests/src/multi-jvm/scala/akka/remote/artery/TestMessage.scala:10:8: object internalByteString is not a member of package akka.protobufv3[0m
[0m[[0m[31merror[0m] [0m[0mimport akka.protobufv3.internalByteString[0m
[0m[[0m[31merror[0m] [0m[0m       ^[0m
[0m[[0m[31merror[0m] [0m[0m/home/travis/build/akka/akka/akka-remote-tests/src/multi-jvm/scala/akka/remote/artery/TestMessage.scala:43:21: not found: value ByteString[0m
[0m[[0m[31merror[0m] [0m[0m        .setPayload(ByteString.copyFrom(msg.payload))[0m
[0m[[0m[31merror[0m] [0m[0m                    ^[0m
[0m[[0m[31merror[0m] [0m[0mtwo errors found[0m</Chunk>
  </Example>
  <Example>
    <Log>Scala/akka@akka/failed/562463188.log</Log>
    <Keywords>error, , </Keywords>
    <Category>0</Category>
    <Chunk>error[0m] [0m[0m * class akka.cluster.protobuf.msg.ClusterMessages#IncompatibleConfig does not have a correspondent in current version[0m
[0m[[0m[31merror[0m] [0m[0m   filter with: ProblemFilters.exclude[MissingClassProblem]("akka.cluster.protobuf.msg.ClusterMessages$IncompatibleConfig")[0m
[0m[[0m[31merror[0m] [0m[0m * class akka.cluster.protobuf.msg.ClusterMessages#UncheckedConfig does not have a correspondent in current version[0m
[0m[[0m[31merror[0m] [0m[0m   filter with: ProblemFilters.exclude[MissingClassProblem]("akka.cluster.protobuf.msg.ClusterMessages$UncheckedConfig")[0m
[0m[[0m[31merror[0m] [0m[0m * class akka.cluster.protobuf.msg.ClusterMessages#CompatibleConfig does not have a correspondent in current version[0m
[0m[[0m[31merror[0m] [0m[0m   filter with: ProblemFilters.exclude[MissingClassProblem]("akka.cluster.protobuf.msg.ClusterMessages$CompatibleConfig")[0m
[0m[[0m[31merror[0m] [0m[0m * class akka.cluster.protobuf.msg.ClusterMessages#CompatibleConfig#Builder does not have a correspondent in current version[0m
[0m[[0m[31merror[0m] [0m[0m   filter with: ProblemFilters.exclude[MissingClassProblem]("akka.cluster.protobuf.msg.ClusterMessages$CompatibleConfig$Builder")[0m
[0m[[0m[31merror[0m] [0m[0m * interface akka.cluster.protobuf.msg.ClusterMessages#IncompatibleConfigOrBuilder does not have a correspondent in current version[0m
[0m[[0m[31merror[0m] [0m[0m   filter with: ProblemFilters.exclude[MissingClassProblem]("akka.cluster.protobuf.msg.ClusterMessages$IncompatibleConfigOrBuilder")[0m
[0m[[0m[31merror[0m] [0m[0m * interface akka.cluster.protobuf.msg.ClusterMessages#CompatibleConfigOrBuilder does not have a correspondent in current version[0m
[0m[[0m[31merror[0m] [0m[0m   filter with: ProblemFilters.exclude[MissingClassProblem]("akka.cluster.protobuf.msg.ClusterMessages$CompatibleConfigOrBuilder")[0m
[0m[[0m[31merror[0m] [0m[0m * class akka.cluster.protobuf.msg.ClusterMessages#IncompatibleConfig#Builder does not have a correspondent in current version[0m
[0m[[0m[31merror[0m] [0m[0m   filter with: ProblemFilters.exclude[MissingClassProblem]("akka.cluster.protobuf.msg.ClusterMessages$IncompatibleConfig$Builder")[0m
[0m[[0m[31merror[0m] [0m[0m * interface akka.cluster.protobuf.msg.ClusterMessages#UncheckedConfigOrBuilder does not have a correspondent in current version[0m
[0m[[0m[31merror[0m] [0m[0m   filter with: ProblemFilters.exclude[MissingClassProblem]("akka.cluster.protobuf.msg.ClusterMessages$UncheckedConfigOrBuilder")[0m
[0m[[0m[31merror[0m] [0m[0m * class akka.cluster.protobuf.msg.ClusterMessages#UncheckedConfig#Builder does not have a correspondent in current version[0m
[0m[[0m[31merror[0m] [0m[0m   filter with: ProblemFilters.exclude[MissingClassProblem]("akka.cluster.protobuf.msg.ClusterMessages$UncheckedConfig$Builder")[0m</Chunk>
  </Example>
  <Example>
    <Log>Scala/akka@akka/failed/562556292.log</Log>
    <Keywords>error, , </Keywords>
    <Category>0</Category>
    <Chunk>error[0m] [0m[0m/home/travis/build/akka/akka/akka-stream/src/main/scala/akka/stream/impl/ReactiveStreamsCompliance.scala:133:47: The unicode arrow `⇒` is deprecated, use `=&gt;` instead. If you still wish to display it as one character, consider using a font with programming ligatures such as Fira Code.[0m
[0m[[0m[31merror[0m] [0m[0m      case s: SubscriptionWithCancelException ⇒ s.cancel(cause)[0m
[0m[[0m[31merror[0m] [0m[0m                                              ^[0m
[0m[[0m[31merror[0m] [0m[0m/home/travis/build/akka/akka/akka-stream/src/main/scala/akka/stream/impl/ReactiveStreamsCompliance.scala:134:14: The unicode arrow `⇒` is deprecated, use `=&gt;` instead. If you still wish to display it as one character, consider using a font with programming ligatures such as Fira Code.[0m
[0m[[0m[31merror[0m] [0m[0m      case s ⇒ s.cancel()[0m
[0m[[0m[31merror[0m] [0m[0m             ^[0m
[0m[[0m[31merror[0m] [0m[0m/home/travis/build/akka/akka/akka-stream/src/main/scala/akka/stream/impl/ReactiveStreamsCompliance.scala:136:24: The unicode arrow `⇒` is deprecated, use `=&gt;` instead. If you still wish to display it as one character, consider using a font with programming ligatures such as Fira Code.[0m
[0m[[0m[31merror[0m] [0m[0m      case NonFatal(t) ⇒ throw new SignalThrewException("It is illegal to throw exceptions from cancel(), rule 3.15", t)[0m
[0m[[0m[31merror[0m] [0m[0m                       ^[0m
[0m[[0m[31merror[0m] [0m[0m/home/travis/build/akka/akka/akka-stream/src/main/scala/akka/stream/impl/StreamLayout.scala:179:24: The unicode arrow `⇒` is deprecated, use `=&gt;` instead. If you still wish to display it as one character, consider using a font with programming ligatures such as Fira Code.[0m
[0m[[0m[31merror[0m] [0m[0m        case state @ _ ⇒[0m
[0m[[0m[31merror[0m] [0m[0m                       ^[0m
[0m[[0m[31merror[0m] [0m[0mfour errors found[0m</Chunk>
  </Example>
  <Example>
    <Log>Scala/akka@akka/failed/563433903.log</Log>
    <Keywords>error, , </Keywords>
    <Category>0</Category>
    <Chunk>error[0m] [0m[0m/home/travis/build/akka/akka/akka-persistence-typed/src/main/scala/akka/persistence/typed/internal/BehaviorSetup.scala:10:8: object Logger is not a member of package akka.actor.typed[0m
[0m[[0m[31merror[0m] [0m[0mimport akka.actor.typed.Logger[0m
[0m[[0m[31merror[0m] [0m[0m       ^[0m
[0m[[0m[31merror[0m] [0m[0m/home/travis/build/akka/akka/akka-persistence-typed/src/main/scala/akka/persistence/typed/internal/BehaviorSetup.scala:66:31: not found: type Logger[0m
[0m[[0m[31merror[0m] [0m[0m  private var _log: OptionVal[Logger] = OptionVal.Some(context.log) // changed when mdc is changed[0m
[0m[[0m[31merror[0m] [0m[0m                              ^[0m
[0m[[0m[31merror[0m] [0m[0m/home/travis/build/akka/akka/akka-persistence-typed/src/main/scala/akka/persistence/typed/internal/BehaviorSetup.scala:67:12: not found: type Logger[0m
[0m[[0m[31merror[0m] [0m[0m  def log: Logger = {[0m
[0m[[0m[31merror[0m] [0m[0m           ^[0m
[0m[[0m[31merror[0m] [0m[0m/home/travis/build/akka/akka/akka-persistence-typed/src/main/scala/akka/persistence/typed/internal/BehaviorSetup.scala:72:29: value withMdc is not a member of org.slf4j.Logger[0m
[0m[[0m[31merror[0m] [0m[0m        val l = context.log.withMdc(mdc)[0m
[0m[[0m[31merror[0m] [0m[0m                            ^[0m
[0m[[0m[31merror[0m] [0m[0m/home/travis/build/akka/akka/akka-persistence-typed/src/main/scala/akka/persistence/typed/internal/EventSourcedBehaviorImpl.scala:96:17: overloaded method value error with alternatives:[0m
[0m[[0m[31merror[0m] [0m[0m  (x$1: org.slf4j.Marker,x$2: String,x$3: Throwable)Unit and&gt;[0m
[0m[[0m[31merror[0m] [0m[0m  (x$1: org.slf4j.Marker,x$2: String,x$3: Object*)Unit and&gt;[0m
[0m[[0m[31merror[0m] [0m[0m  (x$1: org.slf4j.Marker,x$2: String,x$3: Any)Unit and&gt;[0m
[0m[[0m[31merror[0m] [0m[0m  (x$1: String,x$2: Object*)Unit and&gt;[0m
[0m[[0m[31merror[0m] [0m[0m  (x$1: String,x$2: Any,x$3: Any)Unit[0m
[0m[[0m[31merror[0m] [0m[0m cannot be applied to (Throwable, String, akka.persistence.typed.SnapshotMetadata)[0m
[0m[[0m[31merror[0m] [0m[0m        ctx.log.error(failure, "Save snapshot failed, snapshot metadata [{}].", meta)[0m
[0m[[0m[31merror[0m] [0m[0m                ^[0m
[0m[[0m[31merror[0m] [0m[0m/home/travis/build/akka/akka/akka-persistence-typed/src/main/scala/akka/persistence/typed/internal/EventSourcedBehaviorImpl.scala:102:17: value warning is not a member of org.slf4j.Logger[0m
[0m[[0m[31merror[0m] [0m[0m        ctx.log.warning("Failed to delete snapshot with meta [{}] due to [{}].", meta, failure)[0m
[0m[[0m[31merror[0m] [0m[0m                ^[0m
[0m[[0m[31merror[0m] [0m[0m/home/travis/build/akka/akka/akka-persistence-typed/src/main/scala/akka/persistence/typed/internal/EventSourcedBehaviorImpl.scala:104:17: value warning is not a member of org.slf4j.Logger[0m
[0m[[0m[31merror[0m] [0m[0m        ctx.log.warning("Failed to delete snapshots given criteria [{}] due to [{}].", criteria, failure)[0m
[0m[[0m[31merror[0m] [0m[0m                ^[0m
[0m[[0m[31merror[0m] [0m[0m/home/travis/build/akka/akka/akka-persistence-typed/src/main/scala/akka/persistence/typed/internal/EventSourcedBehaviorImpl.scala:108:17: value warning is not a member of org.slf4j.Logger[0m
[0m[[0m[31merror[0m] [0m[0m        ctx.log.warning("Failed to delete events to sequence number [{}] due to [{}].", toSequenceNr, failure)[0m
[0m[[0m[31merror[0m] [0m[0m                ^[0m
[0m[[0m[31merror[0m] [0m[0m/home/travis/build/akka/akka/akka-persistence-typed/src/main/scala/akka/persistence/typed/internal/StashManagement.scala:48:29: value isWarningEnabled is not a member of org.slf4j.Logger[0m
[0m[[0m[31merror[0m] [0m[0m            if (context.log.isWarningEnabled) {[0m
[0m[[0m[31merror[0m] [0m[0m                            ^[0m
[0m[[0m[31merror[0m] [0m[0m/home/travis/build/akka/akka/akka-persistence-typed/src/main/scala/akka/persistence/typed/internal/StashManagement.scala:53:27: value warning is not a member of org.slf4j.Logger[0m
[0m[[0m[31merror[0m] [0m[0m              context.log.warning("Stash buffer is full, dropping message [{}]", dropName)[0m
[0m[[0m[31merror[0m] [0m[0m                          ^[0m
[0m[[0m[31merror[0m] [0m[0m10 errors found[0m</Chunk>
  </Example>
  <Example>
    <Log>Scala/akka@akka/failed/563894866.log</Log>
    <Keywords>error, , </Keywords>
    <Category>0</Category>
    <Chunk>error[0m] [0m[0m/home/travis/build/akka/akka/akka-persistence-typed/src/main/scala/akka/persistence/typed/internal/BehaviorSetup.scala:10:8: object Logger is not a member of package akka.actor.typed[0m
[0m[[0m[31merror[0m] [0m[0mimport akka.actor.typed.Logger[0m
[0m[[0m[31merror[0m] [0m[0m       ^[0m
[0m[[0m[31merror[0m] [0m[0m/home/travis/build/akka/akka/akka-persistence-typed/src/main/scala/akka/persistence/typed/internal/BehaviorSetup.scala:66:31: not found: type Logger[0m
[0m[[0m[31merror[0m] [0m[0m  private var _log: OptionVal[Logger] = OptionVal.Some(context.log) // changed when mdc is changed[0m
[0m[[0m[31merror[0m] [0m[0m                              ^[0m
[0m[[0m[31merror[0m] [0m[0m/home/travis/build/akka/akka/akka-persistence-typed/src/main/scala/akka/persistence/typed/internal/BehaviorSetup.scala:67:12: not found: type Logger[0m
[0m[[0m[31merror[0m] [0m[0m  def log: Logger = {[0m
[0m[[0m[31merror[0m] [0m[0m           ^[0m
[0m[[0m[31merror[0m] [0m[0m/home/travis/build/akka/akka/akka-persistence-typed/src/main/scala/akka/persistence/typed/internal/BehaviorSetup.scala:72:29: value withMdc is not a member of org.slf4j.Logger[0m
[0m[[0m[31merror[0m] [0m[0m        val l = context.log.withMdc(mdc)[0m
[0m[[0m[31merror[0m] [0m[0m                            ^[0m
[0m[[0m[31merror[0m] [0m[0m/home/travis/build/akka/akka/akka-persistence-typed/src/main/scala/akka/persistence/typed/internal/EventSourcedBehaviorImpl.scala:96:17: overloaded method value error with alternatives:[0m
[0m[[0m[31merror[0m] [0m[0m  (x$1: org.slf4j.Marker,x$2: String,x$3: Throwable)Unit and&gt;[0m
[0m[[0m[31merror[0m] [0m[0m  (x$1: org.slf4j.Marker,x$2: String,x$3: Object*)Unit and&gt;[0m
[0m[[0m[31merror[0m] [0m[0m  (x$1: org.slf4j.Marker,x$2: String,x$3: Any)Unit and&gt;[0m
[0m[[0m[31merror[0m] [0m[0m  (x$1: String,x$2: Object*)Unit and&gt;[0m
[0m[[0m[31merror[0m] [0m[0m  (x$1: String,x$2: Any,x$3: Any)Unit[0m
[0m[[0m[31merror[0m] [0m[0m cannot be applied to (Throwable, String, akka.persistence.typed.SnapshotMetadata)[0m
[0m[[0m[31merror[0m] [0m[0m        ctx.log.error(failure, "Save snapshot failed, snapshot metadata [{}].", meta)[0m
[0m[[0m[31merror[0m] [0m[0m                ^[0m
[0m[[0m[31merror[0m] [0m[0m/home/travis/build/akka/akka/akka-persistence-typed/src/main/scala/akka/persistence/typed/internal/EventSourcedBehaviorImpl.scala:102:17: value warning is not a member of org.slf4j.Logger[0m
[0m[[0m[31merror[0m] [0m[0m        ctx.log.warning("Failed to delete snapshot with meta [{}] due to [{}].", meta, failure)[0m
[0m[[0m[31merror[0m] [0m[0m                ^[0m
[0m[[0m[31merror[0m] [0m[0m/home/travis/build/akka/akka/akka-persistence-typed/src/main/scala/akka/persistence/typed/internal/EventSourcedBehaviorImpl.scala:104:17: value warning is not a member of org.slf4j.Logger[0m
[0m[[0m[31merror[0m] [0m[0m        ctx.log.warning("Failed to delete snapshots given criteria [{}] due to [{}].", criteria, failure)[0m
[0m[[0m[31merror[0m] [0m[0m                ^[0m
[0m[[0m[31merror[0m] [0m[0m/home/travis/build/akka/akka/akka-persistence-typed/src/main/scala/akka/persistence/typed/internal/EventSourcedBehaviorImpl.scala:108:17: value warning is not a member of org.slf4j.Logger[0m
[0m[[0m[31merror[0m] [0m[0m        ctx.log.warning("Failed to delete events to sequence number [{}] due to [{}].", toSequenceNr, failure)[0m
[0m[[0m[31merror[0m] [0m[0m                ^[0m
[0m[[0m[31merror[0m] [0m[0m/home/travis/build/akka/akka/akka-persistence-typed/src/main/scala/akka/persistence/typed/internal/StashManagement.scala:48:29: value isWarningEnabled is not a member of org.slf4j.Logger[0m
[0m[[0m[31merror[0m] [0m[0m            if (context.log.isWarningEnabled) {[0m
[0m[[0m[31merror[0m] [0m[0m                            ^[0m
[0m[[0m[31merror[0m] [0m[0m/home/travis/build/akka/akka/akka-persistence-typed/src/main/scala/akka/persistence/typed/internal/StashManagement.scala:53:27: value warning is not a member of org.slf4j.Logger[0m
[0m[[0m[31merror[0m] [0m[0m              context.log.warning("Stash buffer is full, dropping message [{}]", dropName)[0m
[0m[[0m[31merror[0m] [0m[0m                          ^[0m
[0m[[0m[31merror[0m] [0m[0m10 errors found[0m</Chunk>
  </Example>
  <Example>
    <Log>Scala/akka@akka/failed/564856230.log</Log>
    <Keywords>error, , </Keywords>
    <Category>0</Category>
    <Chunk>error[0m] [0m[0m/home/travis/build/akka/akka/akka-cluster-sharding/src/main/scala/akka/cluster/sharding/protobuf/ClusterShardingMessageSerializer.scala:369:9: value addFailed is not a member of akka.cluster.sharding.protobuf.msg.ClusterShardingMessages.ShardRegionStats.Builder[0m
[0m[[0m[31merror[0m] [0m[0m      b.addFailed(sid).build()[0m
[0m[[0m[31merror[0m] [0m[0m        ^[0m
[0m[[0m[31merror[0m] [0m[0m/home/travis/build/akka/akka/akka-cluster-sharding/src/main/scala/akka/cluster/sharding/protobuf/ClusterShardingMessageSerializer.scala:381:38: value getFailedList is not a member of akka.cluster.sharding.protobuf.msg.ClusterShardingMessages.ShardRegionStats[0m
[0m[[0m[31merror[0m] [0m[0m    val failed: Set[String] = parsed.getFailedList.asScala.toSet[0m
[0m[[0m[31merror[0m] [0m[0m                                     ^[0m
[0m[[0m[31merror[0m] [0m[0mtwo errors found[0m
[0m[[0m[31merror[0m] [0m[0m(akka-cluster-sharding / Compile / [31mcompileIncremental[0m) Compilation failed[0m
[0m[[0m[31merror[0m] [0m[0mTotal time: 304 s, completed Jul 29, 2019 8:32:10 AM[0m</Chunk>
  </Example>
  <Example>
    <Log>Scala/akka@akka/failed/564946313.log</Log>
    <Keywords>error, , </Keywords>
    <Category>0</Category>
    <Chunk>error[0m] [0m[0m/home/travis/build/akka/akka/akka-persistence-typed/src/main/scala/akka/persistence/typed/internal/BehaviorSetup.scala:10:8: object Logger is not a member of package akka.actor.typed[0m
[0m[[0m[31merror[0m] [0m[0mimport akka.actor.typed.Logger[0m
[0m[[0m[31merror[0m] [0m[0m       ^[0m
[0m[[0m[31merror[0m] [0m[0m/home/travis/build/akka/akka/akka-persistence-typed/src/main/scala/akka/persistence/typed/internal/BehaviorSetup.scala:66:31: not found: type Logger[0m
[0m[[0m[31merror[0m] [0m[0m  private var _log: OptionVal[Logger] = OptionVal.Some(context.log) // changed when mdc is changed[0m
[0m[[0m[31merror[0m] [0m[0m                              ^[0m
[0m[[0m[31merror[0m] [0m[0m/home/travis/build/akka/akka/akka-persistence-typed/src/main/scala/akka/persistence/typed/internal/BehaviorSetup.scala:67:12: not found: type Logger[0m
[0m[[0m[31merror[0m] [0m[0m  def log: Logger = {[0m
[0m[[0m[31merror[0m] [0m[0m           ^[0m
[0m[[0m[31merror[0m] [0m[0m/home/travis/build/akka/akka/akka-persistence-typed/src/main/scala/akka/persistence/typed/internal/BehaviorSetup.scala:72:29: value withMdc is not a member of org.slf4j.Logger[0m
[0m[[0m[31merror[0m] [0m[0m        val l = context.log.withMdc(mdc)[0m
[0m[[0m[31merror[0m] [0m[0m                            ^[0m
[0m[[0m[31merror[0m] [0m[0m/home/travis/build/akka/akka/akka-persistence-typed/src/main/scala/akka/persistence/typed/internal/EventSourcedBehaviorImpl.scala:96:17: overloaded method value error with alternatives:[0m
[0m[[0m[31merror[0m] [0m[0m  (x$1: org.slf4j.Marker,x$2: String,x$3: Throwable)Unit and&gt;[0m
[0m[[0m[31merror[0m] [0m[0m  (x$1: org.slf4j.Marker,x$2: String,x$3: Object*)Unit and&gt;[0m
[0m[[0m[31merror[0m] [0m[0m  (x$1: org.slf4j.Marker,x$2: String,x$3: Any)Unit and&gt;[0m
[0m[[0m[31merror[0m] [0m[0m  (x$1: String,x$2: Object*)Unit and&gt;[0m
[0m[[0m[31merror[0m] [0m[0m  (x$1: String,x$2: Any,x$3: Any)Unit[0m
[0m[[0m[31merror[0m] [0m[0m cannot be applied to (Throwable, String, akka.persistence.typed.SnapshotMetadata)[0m
[0m[[0m[31merror[0m] [0m[0m        ctx.log.error(failure, "Save snapshot failed, snapshot metadata [{}].", meta)[0m
[0m[[0m[31merror[0m] [0m[0m                ^[0m
[0m[[0m[31merror[0m] [0m[0m/home/travis/build/akka/akka/akka-persistence-typed/src/main/scala/akka/persistence/typed/internal/EventSourcedBehaviorImpl.scala:102:17: value warning is not a member of org.slf4j.Logger[0m
[0m[[0m[31merror[0m] [0m[0m        ctx.log.warning("Failed to delete snapshot with meta [{}] due to [{}].", meta, failure)[0m
[0m[[0m[31merror[0m] [0m[0m                ^[0m
[0m[[0m[31merror[0m] [0m[0m/home/travis/build/akka/akka/akka-persistence-typed/src/main/scala/akka/persistence/typed/internal/EventSourcedBehaviorImpl.scala:104:17: value warning is not a member of org.slf4j.Logger[0m
[0m[[0m[31merror[0m] [0m[0m        ctx.log.warning("Failed to delete snapshots given criteria [{}] due to [{}].", criteria, failure)[0m
[0m[[0m[31merror[0m] [0m[0m                ^[0m
[0m[[0m[31merror[0m] [0m[0m/home/travis/build/akka/akka/akka-persistence-typed/src/main/scala/akka/persistence/typed/internal/EventSourcedBehaviorImpl.scala:108:17: value warning is not a member of org.slf4j.Logger[0m
[0m[[0m[31merror[0m] [0m[0m        ctx.log.warning("Failed to delete events to sequence number [{}] due to [{}].", toSequenceNr, failure)[0m
[0m[[0m[31merror[0m] [0m[0m                ^[0m
[0m[[0m[31merror[0m] [0m[0m/home/travis/build/akka/akka/akka-persistence-typed/src/main/scala/akka/persistence/typed/internal/StashManagement.scala:48:29: value isWarningEnabled is not a member of org.slf4j.Logger[0m
[0m[[0m[31merror[0m] [0m[0m            if (context.log.isWarningEnabled) {[0m
[0m[[0m[31merror[0m] [0m[0m                            ^[0m
[0m[[0m[31merror[0m] [0m[0m/home/travis/build/akka/akka/akka-persistence-typed/src/main/scala/akka/persistence/typed/internal/StashManagement.scala:53:27: value warning is not a member of org.slf4j.Logger[0m
[0m[[0m[31merror[0m] [0m[0m              context.log.warning("Stash buffer is full, dropping message [{}]", dropName)[0m
[0m[[0m[31merror[0m] [0m[0m                          ^[0m
[0m[[0m[31merror[0m] [0m[0m10 errors found[0m</Chunk>
  </Example>
  <Example>
    <Log>Scala/akka@akka/failed/565243172.log</Log>
    <Keywords>error, , </Keywords>
    <Category>0</Category>
    <Chunk>error[0m] [0m[0m/home/travis/build/akka/akka/akka-bench-jmh/src/main/scala/akka/stream/io/FileSourcesScaleBenchmark.scala:38:56: method + in class Int is deprecated (since 2.13.0): Adding a number and a String is deprecated. Use the string interpolation `s"$num$str"`[0m
[0m[[0m[31merror[0m] [0m[0m      val f = Files.createTempFile(getClass.getName, i + ".bench.tmp")[0m
[0m[[0m[31merror[0m] [0m[0m                                                       ^[0m
[0m[[0m[31merror[0m] [0m[0mone error found[0m</Chunk>
  </Example>
  <Example>
    <Log>Scala/akka@akka/failed/565853641.log</Log>
    <Keywords>error, , </Keywords>
    <Category>0</Category>
    <Chunk>error[0m] [0m[0m * the type hierarchy of interface akka.cluster.protobuf.msg.ClusterMessages#ConfigCheckOrBuilder is different in current version. Missing types {akka.protobuf.GeneratedMessage$ExtendableMessageOrBuilder}[0m
[0m[[0m[31merror[0m] [0m[0m   filter with: ProblemFilters.exclude[MissingTypesProblem]("akka.cluster.protobuf.msg.ClusterMessages$ConfigCheckOrBuilder")[0m
[0m[[0m[31merror[0m] [0m[0m * the type hierarchy of class akka.cluster.protobuf.msg.ClusterMessages#ConfigCheck#Builder is different in current version. Missing types {akka.protobuf.GeneratedMessage$ExtendableBuilder}[0m
[0m[[0m[31merror[0m] [0m[0m   filter with: ProblemFilters.exclude[MissingTypesProblem]("akka.cluster.protobuf.msg.ClusterMessages$ConfigCheck$Builder")[0m
[0m[[0m[31merror[0m] [0m[0m * the type hierarchy of class akka.cluster.protobuf.msg.ClusterMessages#ConfigCheck is different in current version. Missing types {akka.protobuf.GeneratedMessage$ExtendableMessage}[0m
[0m[[0m[31merror[0m] [0m[0m   filter with: ProblemFilters.exclude[MissingTypesProblem]("akka.cluster.protobuf.msg.ClusterMessages$ConfigCheck")[0m</Chunk>
  </Example>
  <Example>
    <Log>Scala/akka@akka/failed/566318733.log</Log>
    <Keywords>error, , </Keywords>
    <Category>0</Category>
    <Chunk>error[0m] [0m[0m/home/travis/build/akka/akka/akka-distributed-data/src/main/scala/akka/cluster/ddata/Vote.scala:93:15: Unused import[0m
[0m[[0m[31merror[0m] [0m[0m  import Vote.Zero[0m
[0m[[0m[31merror[0m] [0m[0m              ^[0m
[0m[[0m[31merror[0m] [0m[0m/home/travis/build/akka/akka/akka-distributed-data/src/main/scala/akka/cluster/ddata/Vote.scala:68:15: private val Zero in object Vote is never used[0m
[0m[[0m[31merror[0m] [0m[0m  private val Zero = BigInt(0)[0m
[0m[[0m[31merror[0m] [0m[0m              ^[0m
[0m[[0m[31merror[0m] [0m[0mtwo errors found[0m</Chunk>
  </Example>
</Examples>
