<?xml version="1.0" encoding="UTF-8"?>
<Examples>
  <Example>
    <Log>Java/iluwatar@java-design-patterns/failed/544453998.log</Log>
    <Keywords>Failed, Failures, </Keywords>
    <Category>0</Category>
    <Chunk>DirtyFlagTest.testIsDirty:45 expected: &lt;false&gt; but was: &lt;true&gt;</Chunk>
  </Example>
  <Example>
    <Log>Java/iluwatar@java-design-patterns/failed/564609653.log</Log>
    <Keywords>Exception, failed, </Keywords>
    <Category>1</Category>
    <Chunk>Exception in thread "main" java.lang.ExceptionInInitializerError
	at org.jruby.Ruby.newInstance(Ruby.java:266)
	at s3.website.Ruby$.rubyRuntime$lzycompute(Ruby.scala:4)
	at s3.website.Ruby$.rubyRuntime(Ruby.scala:4)
	at s3.website.model.Config$$anonfun$13.apply(Config.scala:215)
	at s3.website.model.Config$$anonfun$13.apply(Config.scala:213)
	at scala.util.Try$.apply(Try.scala:192)
	at s3.website.model.Config$.erbEval(Config.scala:213)
	at s3.website.model.Site$$anonfun$2.apply(Site.scala:28)
	at s3.website.model.Site$$anonfun$2.apply(Site.scala:27)
	at scala.util.Success.flatMap(Try.scala:231)
	at s3.website.model.Site$.parseConfig(Site.scala:27)
	at s3.website.model.Site$.loadSite(Site.scala:94)
	at s3.website.Push$.push(Push.scala:62)
	at s3.website.Push$.main(Push.scala:40)
	at s3.website.Push.main(Push.scala)
Caused by: java.lang.RuntimeException: unsupported Java version: 11
	at org.jruby.RubyInstanceConfig.initGlobalJavaVersion(RubyInstanceConfig.java:1878)
	at org.jruby.RubyInstanceConfig.&lt;clinit&gt;(RubyInstanceConfig.java:1585)
	... 15 more

[31;1mThe command "bundle exec s3_website push" failed. Retrying, 2 of 3.[0m

Exception in thread "main" java.lang.ExceptionInInitializerError
	at org.jruby.Ruby.newInstance(Ruby.java:266)
	at s3.website.Ruby$.rubyRuntime$lzycompute(Ruby.scala:4)
	at s3.website.Ruby$.rubyRuntime(Ruby.scala:4)
	at s3.website.model.Config$$anonfun$13.apply(Config.scala:215)
	at s3.website.model.Config$$anonfun$13.apply(Config.scala:213)
	at scala.util.Try$.apply(Try.scala:192)
	at s3.website.model.Config$.erbEval(Config.scala:213)
	at s3.website.model.Site$$anonfun$2.apply(Site.scala:28)
	at s3.website.model.Site$$anonfun$2.apply(Site.scala:27)
	at scala.util.Success.flatMap(Try.scala:231)
	at s3.website.model.Site$.parseConfig(Site.scala:27)
	at s3.website.model.Site$.loadSite(Site.scala:94)
	at s3.website.Push$.push(Push.scala:62)
	at s3.website.Push$.main(Push.scala:40)
	at s3.website.Push.main(Push.scala)
Caused by: java.lang.RuntimeException: unsupported Java version: 11
	at org.jruby.RubyInstanceConfig.initGlobalJavaVersion(RubyInstanceConfig.java:1878)
	at org.jruby.RubyInstanceConfig.clinit&gt;(RubyInstanceConfig.java:1585)
	... 15 more

[31;1mThe command "bundle exec s3_website push" failed. Retrying, 3 of 3.[0m

Exception in thread "main" java.lang.ExceptionInInitializerError
	at org.jruby.Ruby.newInstance(Ruby.java:266)
	at s3.website.Ruby$.rubyRuntime$lzycompute(Ruby.scala:4)
	at s3.website.Ruby$.rubyRuntime(Ruby.scala:4)
	at s3.website.model.Config$$anonfun$13.apply(Config.scala:215)
	at s3.website.model.Config$$anonfun$13.apply(Config.scala:213)
	at scala.util.Try$.apply(Try.scala:192)
	at s3.website.model.Config$.erbEval(Config.scala:213)
	at s3.website.model.Site$$anonfun$2.apply(Site.scala:28)
	at s3.website.model.Site$$anonfun$2.apply(Site.scala:27)
	at scala.util.Success.flatMap(Try.scala:231)
	at s3.website.model.Site$.parseConfig(Site.scala:27)
	at s3.website.model.Site$.loadSite(Site.scala:94)
	at s3.website.Push$.push(Push.scala:62)
	at s3.website.Push$.main(Push.scala:40)
	at s3.website.Push.main(Push.scala)
Caused by: java.lang.RuntimeException: unsupported Java version: 11
	at org.jruby.RubyInstanceConfig.initGlobalJavaVersion(RubyInstanceConfig.java:1878)
	at org.jruby.RubyInstanceConfig.clinit&gt;(RubyInstanceConfig.java:1585)
	... 15 more

[31;1mThe command "bundle exec s3_website push" failed 3 times.</Chunk>
  </Example>
  <Example>
    <Log>Java/iluwatar@java-design-patterns/failed/564623643.log</Log>
    <Keywords>Exception, failed, </Keywords>
    <Category>1</Category>
    <Chunk>Exception in thread "main" java.lang.ExceptionInInitializerError
	at org.jruby.Ruby.newInstance(Ruby.java:266)
	at s3.website.Ruby$.rubyRuntime$lzycompute(Ruby.scala:4)
	at s3.website.Ruby$.rubyRuntime(Ruby.scala:4)
	at s3.website.model.Config$$anonfun$13.apply(Config.scala:215)
	at s3.website.model.Config$$anonfun$13.apply(Config.scala:213)
	at scala.util.Try$.apply(Try.scala:192)
	at s3.website.model.Config$.erbEval(Config.scala:213)
	at s3.website.model.Site$$anonfun$2.apply(Site.scala:28)
	at s3.website.model.Site$$anonfun$2.apply(Site.scala:27)
	at scala.util.Success.flatMap(Try.scala:231)
	at s3.website.model.Site$.parseConfig(Site.scala:27)
	at s3.website.model.Site$.loadSite(Site.scala:94)
	at s3.website.Push$.push(Push.scala:62)
	at s3.website.Push$.main(Push.scala:40)
	at s3.website.Push.main(Push.scala)
Caused by: java.lang.RuntimeException: unsupported Java version: 11
	at org.jruby.RubyInstanceConfig.initGlobalJavaVersion(RubyInstanceConfig.java:1878)
	at org.jruby.RubyInstanceConfig.clinit&gt;(RubyInstanceConfig.java:1585)
	... 15 more

[31;1mThe command "bundle exec s3_website push" failed. Retrying, 2 of 3.[0m

Exception in thread "main" java.lang.ExceptionInInitializerError
	at org.jruby.Ruby.newInstance(Ruby.java:266)
	at s3.website.Ruby$.rubyRuntime$lzycompute(Ruby.scala:4)
	at s3.website.Ruby$.rubyRuntime(Ruby.scala:4)
	at s3.website.model.Config$$anonfun$13.apply(Config.scala:215)
	at s3.website.model.Config$$anonfun$13.apply(Config.scala:213)
	at scala.util.Try$.apply(Try.scala:192)
	at s3.website.model.Config$.erbEval(Config.scala:213)
	at s3.website.model.Site$$anonfun$2.apply(Site.scala:28)
	at s3.website.model.Site$$anonfun$2.apply(Site.scala:27)
	at scala.util.Success.flatMap(Try.scala:231)
	at s3.website.model.Site$.parseConfig(Site.scala:27)
	at s3.website.model.Site$.loadSite(Site.scala:94)
	at s3.website.Push$.push(Push.scala:62)
	at s3.website.Push$.main(Push.scala:40)
	at s3.website.Push.main(Push.scala)
Caused by: java.lang.RuntimeException: unsupported Java version: 11
	at org.jruby.RubyInstanceConfig.initGlobalJavaVersion(RubyInstanceConfig.java:1878)
	at org.jruby.RubyInstanceConfig.clinit&gt;(RubyInstanceConfig.java:1585)
	... 15 more

[31;1mThe command "bundle exec s3_website push" failed. Retrying, 3 of 3.[0m

Exception in thread "main" java.lang.ExceptionInInitializerError
	at org.jruby.Ruby.newInstance(Ruby.java:266)
	at s3.website.Ruby$.rubyRuntime$lzycompute(Ruby.scala:4)
	at s3.website.Ruby$.rubyRuntime(Ruby.scala:4)
	at s3.website.model.Config$$anonfun$13.apply(Config.scala:215)
	at s3.website.model.Config$$anonfun$13.apply(Config.scala:213)
	at scala.util.Try$.apply(Try.scala:192)
	at s3.website.model.Config$.erbEval(Config.scala:213)
	at s3.website.model.Site$$anonfun$2.apply(Site.scala:28)
	at s3.website.model.Site$$anonfun$2.apply(Site.scala:27)
	at scala.util.Success.flatMap(Try.scala:231)
	at s3.website.model.Site$.parseConfig(Site.scala:27)
	at s3.website.model.Site$.loadSite(Site.scala:94)
	at s3.website.Push$.push(Push.scala:62)
	at s3.website.Push$.main(Push.scala:40)
	at s3.website.Push.main(Push.scala)
Caused by: java.lang.RuntimeException: unsupported Java version: 11
	at org.jruby.RubyInstanceConfig.initGlobalJavaVersion(RubyInstanceConfig.java:1878)
	at org.jruby.RubyInstanceConfig.clinit&gt;(RubyInstanceConfig.java:1585)
	... 15 more

[31;1mThe command "bundle exec s3_website push" failed 3 times.</Chunk>
  </Example>
  <Example>
    <Log>Java/iluwatar@java-design-patterns/failed/564633185.log</Log>
    <Keywords>Exception, failed, </Keywords>
    <Category>1</Category>
    <Chunk>Exception in thread "main" java.lang.ExceptionInInitializerError
	at org.jruby.Ruby.newInstance(Ruby.java:266)
	at s3.website.Ruby$.rubyRuntime$lzycompute(Ruby.scala:4)
	at s3.website.Ruby$.rubyRuntime(Ruby.scala:4)
	at s3.website.model.Config$$anonfun$13.apply(Config.scala:215)
	at s3.website.model.Config$$anonfun$13.apply(Config.scala:213)
	at scala.util.Try$.apply(Try.scala:192)
	at s3.website.model.Config$.erbEval(Config.scala:213)
	at s3.website.model.Site$$anonfun$2.apply(Site.scala:28)
	at s3.website.model.Site$$anonfun$2.apply(Site.scala:27)
	at scala.util.Success.flatMap(Try.scala:231)
	at s3.website.model.Site$.parseConfig(Site.scala:27)
	at s3.website.model.Site$.loadSite(Site.scala:94)
	at s3.website.Push$.push(Push.scala:62)
	at s3.website.Push$.main(Push.scala:40)
	at s3.website.Push.main(Push.scala)
Caused by: java.lang.RuntimeException: unsupported Java version: 11
	at org.jruby.RubyInstanceConfig.initGlobalJavaVersion(RubyInstanceConfig.java:1878)
	at org.jruby.RubyInstanceConfig.clinit&gt;(RubyInstanceConfig.java:1585)
	... 15 more

[31;1mThe command "bundle exec s3_website push" failed. Retrying, 2 of 3.[0m

Exception in thread "main" java.lang.ExceptionInInitializerError
	at org.jruby.Ruby.newInstance(Ruby.java:266)
	at s3.website.Ruby$.rubyRuntime$lzycompute(Ruby.scala:4)
	at s3.website.Ruby$.rubyRuntime(Ruby.scala:4)
	at s3.website.model.Config$$anonfun$13.apply(Config.scala:215)
	at s3.website.model.Config$$anonfun$13.apply(Config.scala:213)
	at scala.util.Try$.apply(Try.scala:192)
	at s3.website.model.Config$.erbEval(Config.scala:213)
	at s3.website.model.Site$$anonfun$2.apply(Site.scala:28)
	at s3.website.model.Site$$anonfun$2.apply(Site.scala:27)
	at scala.util.Success.flatMap(Try.scala:231)
	at s3.website.model.Site$.parseConfig(Site.scala:27)
	at s3.website.model.Site$.loadSite(Site.scala:94)
	at s3.website.Push$.push(Push.scala:62)
	at s3.website.Push$.main(Push.scala:40)
	at s3.website.Push.main(Push.scala)
Caused by: java.lang.RuntimeException: unsupported Java version: 11
	at org.jruby.RubyInstanceConfig.initGlobalJavaVersion(RubyInstanceConfig.java:1878)
	at org.jruby.RubyInstanceConfig.clinit&gt;(RubyInstanceConfig.java:1585)
	... 15 more

[31;1mThe command "bundle exec s3_website push" failed. Retrying, 3 of 3.[0m

Exception in thread "main" java.lang.ExceptionInInitializerError
	at org.jruby.Ruby.newInstance(Ruby.java:266)
	at s3.website.Ruby$.rubyRuntime$lzycompute(Ruby.scala:4)
	at s3.website.Ruby$.rubyRuntime(Ruby.scala:4)
	at s3.website.model.Config$$anonfun$13.apply(Config.scala:215)
	at s3.website.model.Config$$anonfun$13.apply(Config.scala:213)
	at scala.util.Try$.apply(Try.scala:192)
	at s3.website.model.Config$.erbEval(Config.scala:213)
	at s3.website.model.Site$$anonfun$2.apply(Site.scala:28)
	at s3.website.model.Site$$anonfun$2.apply(Site.scala:27)
	at scala.util.Success.flatMap(Try.scala:231)
	at s3.website.model.Site$.parseConfig(Site.scala:27)
	at s3.website.model.Site$.loadSite(Site.scala:94)
	at s3.website.Push$.push(Push.scala:62)
	at s3.website.Push$.main(Push.scala:40)
	at s3.website.Push.main(Push.scala)
Caused by: java.lang.RuntimeException: unsupported Java version: 11
	at org.jruby.RubyInstanceConfig.initGlobalJavaVersion(RubyInstanceConfig.java:1878)
	at org.jruby.RubyInstanceConfig.clinit&gt;(RubyInstanceConfig.java:1585)
	... 15 more

[31;1mThe command "bundle exec s3_website push" failed 3 times.</Chunk>
  </Example>
  <Example>
    <Log>Java/iluwatar@java-design-patterns/failed/565118220.log</Log>
    <Keywords>Exception, failed, </Keywords>
    <Category>1</Category>
    <Chunk>Exception in thread "main" java.lang.ExceptionInInitializerError
	at org.jruby.Ruby.newInstance(Ruby.java:266)
	at s3.website.Ruby$.rubyRuntime$lzycompute(Ruby.scala:4)
	at s3.website.Ruby$.rubyRuntime(Ruby.scala:4)
	at s3.website.model.Config$$anonfun$13.apply(Config.scala:215)
	at s3.website.model.Config$$anonfun$13.apply(Config.scala:213)
	at scala.util.Try$.apply(Try.scala:192)
	at s3.website.model.Config$.erbEval(Config.scala:213)
	at s3.website.model.Site$$anonfun$2.apply(Site.scala:28)
	at s3.website.model.Site$$anonfun$2.apply(Site.scala:27)
	at scala.util.Success.flatMap(Try.scala:231)
	at s3.website.model.Site$.parseConfig(Site.scala:27)
	at s3.website.model.Site$.loadSite(Site.scala:94)
	at s3.website.Push$.push(Push.scala:62)
	at s3.website.Push$.main(Push.scala:40)
	at s3.website.Push.main(Push.scala)
Caused by: java.lang.RuntimeException: unsupported Java version: 11
	at org.jruby.RubyInstanceConfig.initGlobalJavaVersion(RubyInstanceConfig.java:1878)
	at org.jruby.RubyInstanceConfig.clinit&gt;(RubyInstanceConfig.java:1585)
	... 15 more

[31;1mThe command "bundle exec s3_website push" failed. Retrying, 2 of 3.[0m

Exception in thread "main" java.lang.ExceptionInInitializerError
	at org.jruby.Ruby.newInstance(Ruby.java:266)
	at s3.website.Ruby$.rubyRuntime$lzycompute(Ruby.scala:4)
	at s3.website.Ruby$.rubyRuntime(Ruby.scala:4)
	at s3.website.model.Config$$anonfun$13.apply(Config.scala:215)
	at s3.website.model.Config$$anonfun$13.apply(Config.scala:213)
	at scala.util.Try$.apply(Try.scala:192)
	at s3.website.model.Config$.erbEval(Config.scala:213)
	at s3.website.model.Site$$anonfun$2.apply(Site.scala:28)
	at s3.website.model.Site$$anonfun$2.apply(Site.scala:27)
	at scala.util.Success.flatMap(Try.scala:231)
	at s3.website.model.Site$.parseConfig(Site.scala:27)
	at s3.website.model.Site$.loadSite(Site.scala:94)
	at s3.website.Push$.push(Push.scala:62)
	at s3.website.Push$.main(Push.scala:40)
	at s3.website.Push.main(Push.scala)
Caused by: java.lang.RuntimeException: unsupported Java version: 11
	at org.jruby.RubyInstanceConfig.initGlobalJavaVersion(RubyInstanceConfig.java:1878)
	at org.jruby.RubyInstanceConfig.clinit&gt;(RubyInstanceConfig.java:1585)
	... 15 more

[31;1mThe command "bundle exec s3_website push" failed. Retrying, 3 of 3.[0m

Exception in thread "main" java.lang.ExceptionInInitializerError
	at org.jruby.Ruby.newInstance(Ruby.java:266)
	at s3.website.Ruby$.rubyRuntime$lzycompute(Ruby.scala:4)
	at s3.website.Ruby$.rubyRuntime(Ruby.scala:4)
	at s3.website.model.Config$$anonfun$13.apply(Config.scala:215)
	at s3.website.model.Config$$anonfun$13.apply(Config.scala:213)
	at scala.util.Try$.apply(Try.scala:192)
	at s3.website.model.Config$.erbEval(Config.scala:213)
	at s3.website.model.Site$$anonfun$2.apply(Site.scala:28)
	at s3.website.model.Site$$anonfun$2.apply(Site.scala:27)
	at scala.util.Success.flatMap(Try.scala:231)
	at s3.website.model.Site$.parseConfig(Site.scala:27)
	at s3.website.model.Site$.loadSite(Site.scala:94)
	at s3.website.Push$.push(Push.scala:62)
	at s3.website.Push$.main(Push.scala:40)
	at s3.website.Push.main(Push.scala)
Caused by: java.lang.RuntimeException: unsupported Java version: 11
	at org.jruby.RubyInstanceConfig.initGlobalJavaVersion(RubyInstanceConfig.java:1878)
	at org.jruby.RubyInstanceConfig.clinit&gt;(RubyInstanceConfig.java:1585)
	... 15 more

[31;1mThe command "bundle exec s3_website push" failed 3 times.</Chunk>
  </Example>
  <Example>
    <Log>Java/iluwatar@java-design-patterns/failed/565203161.log</Log>
    <Keywords>Exception, Failed, failed</Keywords>
    <Category>1</Category>
    <Chunk>wait[0m] Failed to upload index.html (Access key cannot be null.). Trying again in 1 second.
[[33mwait[0m] Failed to fetch an object listing (Access key cannot be null.). Trying again in 1 second.
[[33mwait[0m] Failed to upload index.html (Access key cannot be null.). Trying again in 2 seconds.
[[33mwait[0m] Failed to fetch an object listing (Access key cannot be null.). Trying again in 2 seconds.
[[33mwait[0m] Failed to upload index.html (Access key cannot be null.). Trying again in 3 seconds.
[[33mwait[0m] Failed to fetch an object listing (Access key cannot be null.). Trying again in 3 seconds.
[[33mwait[0m] Failed to upload index.html (Access key cannot be null.). Trying again in 5 seconds.
[[33mwait[0m] Failed to fetch an object listing (Access key cannot be null.). Trying again in 5 seconds.
[[33mwait[0m] Failed to fetch an object listing (Access key cannot be null.). Trying again in 8 seconds.
[[33mwait[0m] Failed to upload index.html (Access key cannot be null.). Trying again in 8 seconds.
[[31mfail[0m] Failed to fetch an object listing (Access key cannot be null.)
[[31mfail[0m] Failed to upload index.html (Access key cannot be null.)
[[34minfo[0m] Summary: 3 operations failed.
[[31mfail[0m] Failed to push the website to http://java-design-patterns.com.s3-website-us-east-1.amazonaws.com

[31;1mThe command "bundle exec s3_website push" failed. Retrying, 2 of 3.[0m

[[34minfo[0m] Deploying /home/travis/build/iluwatar/java-design-patterns/_site/* to java-design-patterns.com
[[33mwait[0m] Failed to upload index.html (Access key cannot be null.). Trying again in 1 second.
[[33mwait[0m] Failed to fetch an object listing (Access key cannot be null.). Trying again in 1 second.
[[33mwait[0m] Failed to upload index.html (Access key cannot be null.). Trying again in 2 seconds.
[[33mwait[0m] Failed to fetch an object listing (Access key cannot be null.). Trying again in 2 seconds.
[[33mwait[0m] Failed to upload index.html (Access key cannot be null.). Trying again in 3 seconds.
[[33mwait[0m] Failed to fetch an object listing (Access key cannot be null.). Trying again in 3 seconds.
[[33mwait[0m] Failed to upload index.html (Access key cannot be null.). Trying again in 5 seconds.
[[33mwait[0m] Failed to fetch an object listing (Access key cannot be null.). Trying again in 5 seconds.
[[33mwait[0m] Failed to upload index.html (Access key cannot be null.). Trying again in 8 seconds.
[[33mwait[0m] Failed to fetch an object listing (Access key cannot be null.). Trying again in 8 seconds.
[[31mfail[0m] Failed to upload index.html (Access key cannot be null.)
[[31mfail[0m] Failed to fetch an object listing (Access key cannot be null.)
[[34minfo[0m] Summary: 3 operations failed.
[[31mfail[0m] Failed to push the website to http://java-design-patterns.com.s3-website-us-east-1.amazonaws.com

[31;1mThe command "bundle exec s3_website push" failed. Retrying, 3 of 3.[0m

[[34minfo[0m] Deploying /home/travis/build/iluwatar/java-design-patterns/_site/* to java-design-patterns.com
[[33mwait[0m] Failed to upload index.html (Access key cannot be null.). Trying again in 1 second.
[[33mwait[0m] Failed to fetch an object listing (Access key cannot be null.). Trying again in 1 second.
[[33mwait[0m] Failed to fetch an object listing (Access key cannot be null.). Trying again in 2 seconds.
[[33mwait[0m] Failed to upload index.html (Access key cannot be null.). Trying again in 2 seconds.
[[33mwait[0m] Failed to upload index.html (Access key cannot be null.). Trying again in 3 seconds.
[[33mwait[0m] Failed to fetch an object listing (Access key cannot be null.). Trying again in 3 seconds.
[[33mwait[0m] Failed to upload index.html (Access key cannot be null.). Trying again in 5 seconds.
[[33mwait[0m] Failed to fetch an object listing (Access key cannot be null.). Trying again in 5 seconds.
[[33mwait[0m] Failed to fetch an object listing (Access key cannot be null.). Trying again in 8 seconds.
[[33mwait[0m] Failed to upload index.html (Access key cannot be null.). Trying again in 8 seconds.
[[31mfail[0m] Failed to fetch an object listing (Access key cannot be null.)
[[31mfail[0m] Failed to upload index.html (Access key cannot be null.)
[[34minfo[0m] Summary: 3 operations failed.
[[31mfail[0m] Failed to push the website to http://java-design-patterns.com.s3-website-us-east-1.amazonaws.com

[31;1mThe command "bundle exec s3_website push" failed 3 times.</Chunk>
  </Example>
  <Example>
    <Log>Java/iluwatar@java-design-patterns/failed/565237143.log</Log>
    <Keywords>Exception, Failed, failed</Keywords>
    <Category>1</Category>
    <Chunk>wait[0m] Failed to fetch an object listing (Access key cannot be null.). Trying again in 1 second.
[[33mwait[0m] Failed to upload index.html (Access key cannot be null.). Trying again in 1 second.
[[33mwait[0m] Failed to fetch an object listing (Access key cannot be null.). Trying again in 2 seconds.
[[33mwait[0m] Failed to upload index.html (Access key cannot be null.). Trying again in 2 seconds.
[[33mwait[0m] Failed to fetch an object listing (Access key cannot be null.). Trying again in 3 seconds.
[[33mwait[0m] Failed to upload index.html (Access key cannot be null.). Trying again in 3 seconds.
[[33mwait[0m] Failed to fetch an object listing (Access key cannot be null.). Trying again in 5 seconds.
[[33mwait[0m] Failed to upload index.html (Access key cannot be null.). Trying again in 5 seconds.
[[33mwait[0m] Failed to fetch an object listing (Access key cannot be null.). Trying again in 8 seconds.
[[33mwait[0m] Failed to upload index.html (Access key cannot be null.). Trying again in 8 seconds.
[[31mfail[0m] Failed to fetch an object listing (Access key cannot be null.)
[[31mfail[0m] Failed to upload index.html (Access key cannot be null.)
[[34minfo[0m] Summary: 3 operations failed.
[[31mfail[0m] Failed to push the website to http://java-design-patterns.com.s3-website-us-east-1.amazonaws.com

[31;1mThe command "bundle exec s3_website push" failed. Retrying, 2 of 3.[0m

[[34minfo[0m] Deploying /home/travis/build/iluwatar/java-design-patterns/_site/* to java-design-patterns.com
[[33mwait[0m] Failed to fetch an object listing (Access key cannot be null.). Trying again in 1 second.
[[33mwait[0m] Failed to upload index.html (Access key cannot be null.). Trying again in 1 second.
[[33mwait[0m] Failed to fetch an object listing (Access key cannot be null.). Trying again in 2 seconds.
[[33mwait[0m] Failed to upload index.html (Access key cannot be null.). Trying again in 2 seconds.
[[33mwait[0m] Failed to fetch an object listing (Access key cannot be null.). Trying again in 3 seconds.
[[33mwait[0m] Failed to upload index.html (Access key cannot be null.). Trying again in 3 seconds.
[[33mwait[0m] Failed to fetch an object listing (Access key cannot be null.). Trying again in 5 seconds.
[[33mwait[0m] Failed to upload index.html (Access key cannot be null.). Trying again in 5 seconds.
[[33mwait[0m] Failed to fetch an object listing (Access key cannot be null.). Trying again in 8 seconds.
[[33mwait[0m] Failed to upload index.html (Access key cannot be null.). Trying again in 8 seconds.
[[31mfail[0m] Failed to fetch an object listing (Access key cannot be null.)
[[31mfail[0m] Failed to upload index.html (Access key cannot be null.)
[[34minfo[0m] Summary: 3 operations failed.
[[31mfail[0m] Failed to push the website to http://java-design-patterns.com.s3-website-us-east-1.amazonaws.com

[31;1mThe command "bundle exec s3_website push" failed. Retrying, 3 of 3.[0m

[[34minfo[0m] Deploying /home/travis/build/iluwatar/java-design-patterns/_site/* to java-design-patterns.com
[[33mwait[0m] Failed to upload index.html (Access key cannot be null.). Trying again in 1 second.
[[33mwait[0m] Failed to fetch an object listing (Access key cannot be null.). Trying again in 1 second.
[[33mwait[0m] Failed to upload index.html (Access key cannot be null.). Trying again in 2 seconds.
[[33mwait[0m] Failed to fetch an object listing (Access key cannot be null.). Trying again in 2 seconds.
[[33mwait[0m] Failed to upload index.html (Access key cannot be null.). Trying again in 3 seconds.
[[33mwait[0m] Failed to fetch an object listing (Access key cannot be null.). Trying again in 3 seconds.
[[33mwait[0m] Failed to upload index.html (Access key cannot be null.). Trying again in 5 seconds.
[[33mwait[0m] Failed to fetch an object listing (Access key cannot be null.). Trying again in 5 seconds.
[[33mwait[0m] Failed to upload index.html (Access key cannot be null.). Trying again in 8 seconds.
[[33mwait[0m] Failed to fetch an object listing (Access key cannot be null.). Trying again in 8 seconds.
[[31mfail[0m] Failed to upload index.html (Access key cannot be null.)
[[31mfail[0m] Failed to fetch an object listing (Access key cannot be null.)
[[34minfo[0m] Summary: 3 operations failed.
[[31mfail[0m] Failed to push the website to http://java-design-patterns.com.s3-website-us-east-1.amazonaws.com

[31;1mThe command "bundle exec s3_website push" failed 3 times.</Chunk>
  </Example>
  <Example>
    <Log>Java/iluwatar@java-design-patterns/failed/565283745.log</Log>
    <Keywords>Exception, Failed, failed</Keywords>
    <Category>1</Category>
    <Chunk>wait[0m] Failed to upload index.html (Access key cannot be null.). Trying again in 1 second.
[[33mwait[0m] Failed to fetch an object listing (Access key cannot be null.). Trying again in 1 second.
[[33mwait[0m] Failed to upload index.html (Access key cannot be null.). Trying again in 2 seconds.
[[33mwait[0m] Failed to fetch an object listing (Access key cannot be null.). Trying again in 2 seconds.
[[33mwait[0m] Failed to upload index.html (Access key cannot be null.). Trying again in 3 seconds.
[[33mwait[0m] Failed to fetch an object listing (Access key cannot be null.). Trying again in 3 seconds.
[[33mwait[0m] Failed to upload index.html (Access key cannot be null.). Trying again in 5 seconds.
[[33mwait[0m] Failed to fetch an object listing (Access key cannot be null.). Trying again in 5 seconds.
[[33mwait[0m] Failed to upload index.html (Access key cannot be null.). Trying again in 8 seconds.
[[33mwait[0m] Failed to fetch an object listing (Access key cannot be null.). Trying again in 8 seconds.
[[31mfail[0m] Failed to upload index.html (Access key cannot be null.)
[[31mfail[0m] Failed to fetch an object listing (Access key cannot be null.)
[[34minfo[0m] Summary: 3 operations failed.
[[31mfail[0m] Failed to push the website to http://java-design-patterns.com.s3-website-us-east-1.amazonaws.com

[31;1mThe command "bundle exec s3_website push" failed. Retrying, 2 of 3.[0m

[[34minfo[0m] Deploying /home/travis/build/iluwatar/java-design-patterns/_site/* to java-design-patterns.com
[[33mwait[0m] Failed to fetch an object listing (Access key cannot be null.). Trying again in 1 second.
[[33mwait[0m] Failed to upload index.html (Access key cannot be null.). Trying again in 1 second.
[[33mwait[0m] Failed to fetch an object listing (Access key cannot be null.). Trying again in 2 seconds.
[[33mwait[0m] Failed to upload index.html (Access key cannot be null.). Trying again in 2 seconds.
[[33mwait[0m] Failed to fetch an object listing (Access key cannot be null.). Trying again in 3 seconds.
[[33mwait[0m] Failed to upload index.html (Access key cannot be null.). Trying again in 3 seconds.
[[33mwait[0m] Failed to fetch an object listing (Access key cannot be null.). Trying again in 5 seconds.
[[33mwait[0m] Failed to upload index.html (Access key cannot be null.). Trying again in 5 seconds.
[[33mwait[0m] Failed to upload index.html (Access key cannot be null.). Trying again in 8 seconds.
[[33mwait[0m] Failed to fetch an object listing (Access key cannot be null.). Trying again in 8 seconds.
[[31mfail[0m] Failed to upload index.html (Access key cannot be null.)
[[31mfail[0m] Failed to fetch an object listing (Access key cannot be null.)
[[34minfo[0m] Summary: 3 operations failed.
[[31mfail[0m] Failed to push the website to http://java-design-patterns.com.s3-website-us-east-1.amazonaws.com

[31;1mThe command "bundle exec s3_website push" failed. Retrying, 3 of 3.[0m

[[34minfo[0m] Deploying /home/travis/build/iluwatar/java-design-patterns/_site/* to java-design-patterns.com
[[33mwait[0m] Failed to upload index.html (Access key cannot be null.). Trying again in 1 second.
[[33mwait[0m] Failed to fetch an object listing (Access key cannot be null.). Trying again in 1 second.
[[33mwait[0m] Failed to upload index.html (Access key cannot be null.). Trying again in 2 seconds.
[[33mwait[0m] Failed to fetch an object listing (Access key cannot be null.). Trying again in 2 seconds.
[[33mwait[0m] Failed to upload index.html (Access key cannot be null.). Trying again in 3 seconds.
[[33mwait[0m] Failed to fetch an object listing (Access key cannot be null.). Trying again in 3 seconds.
[[33mwait[0m] Failed to upload index.html (Access key cannot be null.). Trying again in 5 seconds.
[[33mwait[0m] Failed to fetch an object listing (Access key cannot be null.). Trying again in 5 seconds.
[[33mwait[0m] Failed to upload index.html (Access key cannot be null.). Trying again in 8 seconds.
[[33mwait[0m] Failed to fetch an object listing (Access key cannot be null.). Trying again in 8 seconds.
[[31mfail[0m] Failed to upload index.html (Access key cannot be null.)
[[31mfail[0m] Failed to fetch an object listing (Access key cannot be null.)
[[34minfo[0m] Summary: 3 operations failed.
[[31mfail[0m] Failed to push the website to http://java-design-patterns.com.s3-website-us-east-1.amazonaws.com

[31;1mThe command "bundle exec s3_website push" failed 3 times.</Chunk>
  </Example>
  <Example>
    <Log>Java/iluwatar@java-design-patterns/failed/565304449.log</Log>
    <Keywords>Error, failures, error</Keywords>
    <Category>2</Category>
    <Chunk>- ./_site/patterns/acyclic-visitor/index.html
  *  internally linking to ../visitor/README.md, which does not exist (line 1)
- ./_site/patterns/half-sync-half-async/index.html
  *  External link http://www.cs.wustl.edu/~schmidt/PDF/PLoP-95.pdf failed: 404 No error
- ./_site/patterns/intercepting-filter/index.html
  *  External link http://www.javagyan.com/tutorials/corej2eepatterns/presentation-tier-patterns failed: 403 No error
  *  External link https://struts.apache.org/docs/interceptors.html failed: 404 No error
htmlproofer 3.0.6 | Error:  HTML-Proofer found 4 failures!</Chunk>
  </Example>
  <Example>
    <Log>Java/iluwatar@java-design-patterns/failed/565659321.log</Log>
    <Keywords>Error, failures, error</Keywords>
    <Category>2</Category>
    <Chunk>- ./_site/patterns/acyclic-visitor/index.html
  *  internally linking to ../visitor/README.md, which does not exist (line 1)
- ./_site/patterns/half-sync-half-async/index.html
  *  External link http://www.cs.wustl.edu/~schmidt/PDF/PLoP-95.pdf failed: 404 No error
- ./_site/patterns/intercepting-filter/index.html
  *  External link http://www.javagyan.com/tutorials/corej2eepatterns/presentation-tier-patterns failed: 404 No error
  *  External link https://struts.apache.org/docs/interceptors.html failed: 404 No error
htmlproofer 3.0.6 | Error:  HTML-Proofer found 4 failures!</Chunk>
  </Example>
</Examples>
