<?xml version="1.0" encoding="UTF-8"?>
<Examples>
  <Example>
    <Log>Lua/martanne@vis/failed/234575042.log</Log>
    <Keywords>ERROR, , </Keywords>
    <Category>0</Category>
    <Chunk>=[?1l&gt;insert-mode/autoindent                            ERROR
[?1h=[?1l&gt;insert-mode/digraph                               ERROR
[?1h=[?1l&gt;insert-mode/verbatim                              ERROR
[?1h=[?1l&gt;mappings/insert-mode                              ERROR
[?1h=[?1l&gt;motions/line-begin                                ERROR
[?1h=[?1l&gt;motions/line-char-first                           ERROR
[?1h=[?1l&gt;motions/line-char-last                            ERROR
[?1h=[?1l&gt;motions/line-end                                  ERROR
[?1h=[?1l&gt;motions/next-end-of-bigword                       ERROR
[?1h=[?1l&gt;motions/next-end-of-word                          ERROR
[?1h=[?1l&gt;motions/next-start-of-bigword                     ERROR
[?1h=[?1l&gt;motions/next-start-of-word                        ERROR
[?1h=[?1l&gt;motions/percent                                   ERROR
[?1h=[?1l&gt;motions/prev-end-of-bigword                       ERROR
[?1h=[?1l&gt;motions/prev-end-of-word                          ERROR
[?1h=[?1l&gt;motions/prev-start-of-bigword                     ERROR
[?1h=[?1l&gt;motions/prev-start-of-word                        ERROR
[?1h=[?1l&gt;motions/till-left                                 ERROR
[?1h=[?1l&gt;motions/till-right                                ERROR
[?1h=[?1l&gt;motions/to-left                                   ERROR
[?1h=[?1l&gt;motions/to-right                                  ERROR
[?1h=[?1l&gt;multiple-cursors/align-indent-columns             ERROR
[?1h=[?1l&gt;multiple-cursors/align-indent                     ERROR
[?1h=[?1l&gt;multiple-cursors/align                            ERROR
[?1h=[?1l&gt;multiple-cursors/new-above-first-below-last       ERROR
[?1h=[?1l&gt;multiple-cursors/new-below-above                  ERROR
[?1h=[?1l&gt;multiple-cursors/new-end-of-line                  ERROR
[?1h=[?1l&gt;multiple-cursors/new-start-of-line                ERROR
[?1h=[?1l&gt;multiple-cursors/normal-mode-wq                   ERROR
[?1h=[?1l&gt;multiple-cursors/remove-column                    ERROR
[?1h=[?1l&gt;multiple-cursors/select-match                     ERROR
[?1h=[?1l&gt;multiple-cursors/selections-rotate                ERROR
[?1h=[?1l&gt;multiple-cursors/selections-trim                  ERROR
[?1h=[?1l&gt;prompt/history                                    ERROR
[?1h=[?1l&gt;structural-regex/addresses/marks                  ERROR
[?1h=[?1l&gt;structural-regex/addresses/round-down             ERROR
[?1h=[?1l&gt;structural-regex/addresses/round-up               ERROR
[?1h=[?1l&gt;structural-regex/commands/filter-and-edit         ERROR
[?1h=[?1l&gt;text-objects/entire                               ERROR
[?1h=[?1l&gt;text-objects/indentation                          ERROR
[?1h=[?1l&gt;text-objects/lexer                                ERROR
[?1h=[?1l&gt;text-objects/line                                 ERROR
[?1h=[?1l&gt;text-objects/search-result                        ERROR
[?1h=[?1l&gt;visual-mode/orientation                           ERROR</Chunk>
  </Example>
  <Example>
    <Log>Lua/martanne@vis/failed/243273341.log</Log>
    <Keywords>FAIL, , </Keywords>
    <Category>0</Category>
    <Chunk>=[?1l&gt;multiple-cursors/selections-trim                  FAIL</Chunk>
  </Example>
  <Example>
    <Log>Lua/martanne@vis/failed/243935654.log</Log>
    <Keywords>Error, , </Keywords>
    <Category>1</Category>
    <Chunk>/tmp/ccHp5IXX.o: In function `build_values':
map.c:(.text.build_values+0xd): undefined reference to `array_add_ptr'</Chunk>
  </Example>
  <Example>
    <Log>Lua/martanne@vis/failed/250243946.log</Log>
    <Keywords>FAIL, , </Keywords>
    <Category>0</Category>
    <Chunk>=[?1l&gt;visual-mode/orientation                           FAIL</Chunk>
  </Example>
  <Example>
    <Log>Lua/martanne@vis/failed/326976847.log</Log>
    <Keywords>FAIL, , </Keywords>
    <Category>0</Category>
    <Chunk>=[?1l&gt;text-objects/lexer                                FAIL</Chunk>
  </Example>
  <Example>
    <Log>Lua/martanne@vis/failed/341760702.log</Log>
    <Keywords>FAIL, , </Keywords>
    <Category>0</Category>
    <Chunk>=[?1l&gt;text-objects/lexer                                FAIL</Chunk>
  </Example>
  <Example>
    <Log>Lua/martanne@vis/failed/346413726.log</Log>
    <Keywords>error, Error, </Keywords>
    <Category>2</Category>
    <Chunk>In file included from vis-lua.h:14:0,
                 from main.c:15:
vis-subprocess.h:21:29: error: unknown type name ‘fd_set’
 int vis_process_before_tick(fd_set *);
                             ^
vis-subprocess.h:22:30: error: unknown type name ‘fd_set’
 void vis_process_tick(Vis *, fd_set *);
                              ^
In file included from vis-lua.h:14:0,
                 from vis-core.h:7,
                 from sam.c:27:
vis-subprocess.h:21:29: error: unknown type name ‘fd_set’
 int vis_process_before_tick(fd_set *);
                             ^
vis-subprocess.h:22:30: error: unknown type name ‘fd_set’
 void vis_process_tick(Vis *, fd_set *);
                              ^
In file included from vis-lua.h:14:0,
                 from vis-core.h:7,
                 from ui-terminal.c:18:
vis-subprocess.h:21:29: error: unknown type name ‘fd_set’
 int vis_process_before_tick(fd_set *);
                             ^
vis-subprocess.h:22:30: error: unknown type name ‘fd_set’
 void vis_process_tick(Vis *, fd_set *);
                              ^
In file included from vis-lua.h:14:0,
                 from vis-lua.c:24:
vis-subprocess.h:21:29: error: unknown type name ‘fd_set’
 int vis_process_before_tick(fd_set *);
                             ^
vis-subprocess.h:22:30: error: unknown type name ‘fd_set’
 void vis_process_tick(Vis *, fd_set *);
                              ^
In file included from vis-lua.h:14:0,
                 from vis-core.h:7,
                 from vis-modes.c:3:
vis-subprocess.h:21:29: error: unknown type name ‘fd_set’
 int vis_process_before_tick(fd_set *);
                             ^
vis-subprocess.h:22:30: error: unknown type name ‘fd_set’
 void vis_process_tick(Vis *, fd_set *);
                              ^
In file included from vis-lua.h:14:0,
                 from vis-core.h:7,
                 from vis-motions.c:4:
vis-subprocess.h:21:29: error: unknown type name ‘fd_set’
 int vis_process_before_tick(fd_set *);
                             ^
vis-subprocess.h:22:30: error: unknown type name ‘fd_set’
 void vis_process_tick(Vis *, fd_set *);
                              ^
In file included from vis-lua.h:14:0,
                 from vis-core.h:7,
                 from vis-operators.c:3:
vis-subprocess.h:21:29: error: unknown type name ‘fd_set’
 int vis_process_before_tick(fd_set *);
                             ^
vis-subprocess.h:22:30: error: unknown type name ‘fd_set’
 void vis_process_tick(Vis *, fd_set *);
                              ^
In file included from vis-lua.h:14:0,
                 from vis-core.h:7,
                 from vis-registers.c:4:
vis-subprocess.h:21:29: error: unknown type name ‘fd_set’
 int vis_process_before_tick(fd_set *);
                             ^
vis-subprocess.h:22:30: error: unknown type name ‘fd_set’
 void vis_process_tick(Vis *, fd_set *);
                              ^
In file included from vis-lua.h:14:0,
                 from vis-core.h:7,
                 from vis-marks.c:1:
vis-subprocess.h:21:29: error: unknown type name ‘fd_set’
 int vis_process_before_tick(fd_set *);
                             ^
vis-subprocess.h:22:30: error: unknown type name ‘fd_set’
 void vis_process_tick(Vis *, fd_set *);
                              ^
In file included from vis-lua.h:14:0,
                 from vis-core.h:7,
                 from vis-prompt.c:2:
vis-subprocess.h:21:29: error: unknown type name ‘fd_set’
 int vis_process_before_tick(fd_set *);
                             ^
vis-subprocess.h:22:30: error: unknown type name ‘fd_set’
 void vis_process_tick(Vis *, fd_set *);
                              ^
In file included from vis-lua.h:14:0,
                 from vis-core.h:7,
                 from vis-text-objects.c:1:
vis-subprocess.h:21:29: error: unknown type name ‘fd_set’
 int vis_process_before_tick(fd_set *);
                             ^
vis-subprocess.h:22:30: error: unknown type name ‘fd_set’
 void vis_process_tick(Vis *, fd_set *);
                              ^
In file included from vis-lua.h:14:0,
                 from vis-subprocess.c:7:
vis-subprocess.h:21:29: error: unknown type name ‘fd_set’
 int vis_process_before_tick(fd_set *);
                             ^
vis-subprocess.h:22:30: error: unknown type name ‘fd_set’
 void vis_process_tick(Vis *, fd_set *);
                              ^
vis-subprocess.c:97:29: error: unknown type name ‘fd_set’
 int vis_process_before_tick(fd_set *readfds) {
                             ^
vis-subprocess.c:128:33: error: unknown type name ‘fd_set’
 void vis_process_tick(Vis *vis, fd_set *readfds) {
                                 ^</Chunk>
  </Example>
  <Example>
    <Log>Lua/martanne@vis/failed/346425105.log</Log>
    <Keywords>error, Error, </Keywords>
    <Category>2</Category>
    <Chunk>In file included from vis-lua.h:14:0,
                 from main.c:15:
vis-subprocess.h:21:29: error: unknown type name ‘fd_set’
 int vis_process_before_tick(fd_set *);
                             ^
vis-subprocess.h:22:30: error: unknown type name ‘fd_set’
 void vis_process_tick(Vis *, fd_set *);
                              ^
In file included from vis-lua.h:14:0,
                 from vis-core.h:7,
                 from sam.c:27:
vis-subprocess.h:21:29: error: unknown type name ‘fd_set’
 int vis_process_before_tick(fd_set *);
                             ^
vis-subprocess.h:22:30: error: unknown type name ‘fd_set’
 void vis_process_tick(Vis *, fd_set *);
                              ^
In file included from vis-lua.h:14:0,
                 from vis-core.h:7,
                 from ui-terminal.c:18:
vis-subprocess.h:21:29: error: unknown type name ‘fd_set’
 int vis_process_before_tick(fd_set *);
                             ^
vis-subprocess.h:22:30: error: unknown type name ‘fd_set’
 void vis_process_tick(Vis *, fd_set *);
                              ^
In file included from vis-lua.h:14:0,
                 from vis-lua.c:24:
vis-subprocess.h:21:29: error: unknown type name ‘fd_set’
 int vis_process_before_tick(fd_set *);
                             ^
vis-subprocess.h:22:30: error: unknown type name ‘fd_set’
 void vis_process_tick(Vis *, fd_set *);
                              ^
In file included from vis-lua.h:14:0,
                 from vis-core.h:7,
                 from vis-modes.c:3:
vis-subprocess.h:21:29: error: unknown type name ‘fd_set’
 int vis_process_before_tick(fd_set *);
                             ^
vis-subprocess.h:22:30: error: unknown type name ‘fd_set’
 void vis_process_tick(Vis *, fd_set *);
                              ^
In file included from vis-lua.h:14:0,
                 from vis-core.h:7,
                 from vis-motions.c:4:
vis-subprocess.h:21:29: error: unknown type name ‘fd_set’
 int vis_process_before_tick(fd_set *);
                             ^
vis-subprocess.h:22:30: error: unknown type name ‘fd_set’
 void vis_process_tick(Vis *, fd_set *);
                              ^
In file included from vis-lua.h:14:0,
                 from vis-core.h:7,
                 from vis-operators.c:3:
vis-subprocess.h:21:29: error: unknown type name ‘fd_set’
 int vis_process_before_tick(fd_set *);
                             ^
vis-subprocess.h:22:30: error: unknown type name ‘fd_set’
 void vis_process_tick(Vis *, fd_set *);
                              ^
In file included from vis-lua.h:14:0,
                 from vis-core.h:7,
                 from vis-registers.c:4:
vis-subprocess.h:21:29: error: unknown type name ‘fd_set’
 int vis_process_before_tick(fd_set *);
                             ^
vis-subprocess.h:22:30: error: unknown type name ‘fd_set’
 void vis_process_tick(Vis *, fd_set *);
                              ^
In file included from vis-lua.h:14:0,
                 from vis-core.h:7,
                 from vis-marks.c:1:
vis-subprocess.h:21:29: error: unknown type name ‘fd_set’
 int vis_process_before_tick(fd_set *);
                             ^
vis-subprocess.h:22:30: error: unknown type name ‘fd_set’
 void vis_process_tick(Vis *, fd_set *);
                              ^
In file included from vis-lua.h:14:0,
                 from vis-core.h:7,
                 from vis-prompt.c:2:
vis-subprocess.h:21:29: error: unknown type name ‘fd_set’
 int vis_process_before_tick(fd_set *);
                             ^
vis-subprocess.h:22:30: error: unknown type name ‘fd_set’
 void vis_process_tick(Vis *, fd_set *);
                              ^
In file included from vis-lua.h:14:0,
                 from vis-core.h:7,
                 from vis-text-objects.c:1:
vis-subprocess.h:21:29: error: unknown type name ‘fd_set’
 int vis_process_before_tick(fd_set *);
                             ^
vis-subprocess.h:22:30: error: unknown type name ‘fd_set’
 void vis_process_tick(Vis *, fd_set *);
                              ^
In file included from vis-lua.h:14:0,
                 from vis-subprocess.c:7:
vis-subprocess.h:21:29: error: unknown type name ‘fd_set’
 int vis_process_before_tick(fd_set *);
                             ^
vis-subprocess.h:22:30: error: unknown type name ‘fd_set’
 void vis_process_tick(Vis *, fd_set *);
                              ^
vis-subprocess.c:97:29: error: unknown type name ‘fd_set’
 int vis_process_before_tick(fd_set *readfds) {
                             ^
vis-subprocess.c:128:33: error: unknown type name ‘fd_set’
 void vis_process_tick(Vis *vis, fd_set *readfds) {
                                 ^</Chunk>
  </Example>
  <Example>
    <Log>Lua/martanne@vis/failed/352061292.log</Log>
    <Keywords>FAIL, , </Keywords>
    <Category>0</Category>
    <Chunk>=[?1l&gt;selections/new-below-above                        FAIL</Chunk>
  </Example>
  <Example>
    <Log>Lua/martanne@vis/failed/496555781.log</Log>
    <Keywords>error, Error, </Keywords>
    <Category>2</Category>
    <Chunk>In file included from ../../text.c:28:0:
../../util.h:28:14: error: static declaration of ‘memrchr’ follows non-static declaration
 static void *memrchr(const void *m, int c, size_t n)
              ^
In file included from ../../text.c:7:0:
/usr/include/string.h:121:14: note: previous declaration of ‘memrchr’ was here
 extern void *memrchr (const void *__s, int __c, size_t __n)
              ^</Chunk>
  </Example>
</Examples>
