<?xml version="1.0" encoding="UTF-8"?>
<Examples>
  <Example>
    <Log>Objective-C/Realm@realm-cocoa/failed/527416812.log</Log>
    <Keywords>failure, failed, </Keywords>
    <Category>0</Category>
    <Chunk>InterprocessTest

  testCompactOnLaunchFailSilently, [31m((sizeBefore) equal to (sizeAfter)) failed: ("12288") is not equal to ("16384")[0m

  [36m/Users/travis/build/realm/realm-cocoa/Realm/Tests/InterprocessTests.m:139[0m

  ```

[38;5;230m        [39m[38;5;155;01munsigned[39;00m[38;5;230m [39m[38;5;155;01mlong[39;00m[38;5;230m [39m[38;5;155;01mlong[39;00m[38;5;230m [39m[38;5;230msizeAfter[39m[38;5;230m [39m[38;5;87m=[39m[38;5;230m [39m[38;5;230mfileSize[39m[38;5;87m([39m[38;5;230mconfig[39m[38;5;87m.[39m[38;5;230mfileURL[39m[38;5;87m.[39m[38;5;230mpath[39m[38;5;87m);[39m[38;5;230m

[38;5;230m        [39m[38;5;230mXCTAssertEqual[39m[38;5;87m([39m[38;5;230msizeBefore[39m[38;5;87m,[39m[38;5;230m [39m[38;5;230msizeAfter[39m[38;5;87m);[39m[38;5;230m

[38;5;230m        [39m[38;5;230mXCTAssertTrue[39m[38;5;87m([39m[38;5;230mrealm[39m[38;5;87m.[39m[38;5;230misEmpty[39m[38;5;87m);[39m[38;5;230m

[38;5;230m[39m  ```
nl
nl
nl
nl  testCompactOnLaunchFailSilently, [31m((0) equal to ([self runChildAndWait])) failed: ("0") is not equal to ("1") - Tests in child process failed[0m

  [36m/Users/travis/build/realm/realm-cocoa/Realm/Tests/InterprocessTests.m:122[0m

  ```

[38;5;230m        [39m[38;5;87m[[[39m[38;5;230mRLMRealm[39m[38;5;230m [39m[38;5;153mdefaultRealm[39m[38;5;87m][39m[38;5;230m [39m[38;5;153mtransactionWithBlock[39m[38;5;87m:[39m[38;5;87m^[39m[38;5;87m{}];[39m[38;5;230m

[38;5;230m        [39m[38;5;230mRLMRunChildAndWait[39m[38;5;87m();[39m[38;5;230m [39m[38;5;67;04m// runs the event loop

[38;5;67;04m[39;00m[38;5;230m    [39m[38;5;87m}[39m[38;5;230m [39m[38;5;221;01melse[39;00m[38;5;230m [39m[38;5;87m{[39m[38;5;230m

[38;5;230m[39m  ```</Chunk>
  </Example>
  <Example>
    <Log>Objective-C/Realm@realm-cocoa/failed/538275604.log</Log>
    <Keywords>exited with 1, , </Keywords>
    <Category>1</Category>
    <Chunk>Undocumented Realm swift declarations:

{

  "warnings": [

    {

      "file": "/Users/travis/build/realm/realm-cocoa/RealmSwift/Error.swift",

      "line": 37,

      "symbol": "Realm.Error.Code",

      "symbol_kind": "source.lang.swift.decl.typealias",

      "warning": "undocumented"

    }

  ],

  "source_directory": "/Users/travis/build/realm/realm-cocoa"

}</Chunk>
  </Example>
  <Example>
    <Log>Objective-C/Realm@realm-cocoa/failed/545920250.log</Log>
    <Keywords>warning, Violation, </Keywords>
    <Category>2</Category>
    <Chunk>/Users/travis/build/realm/realm-cocoa/Realm/ObjectServerTests/SwiftPermissionsTests.swift:156:13: warning: Redundant Discardable Let Violation: Prefer `_ = foo()` over `let _ = foo()` when discarding a result from a function. (redundant_discardable_let)</Chunk>
  </Example>
  <Example>
    <Log>Objective-C/Realm@realm-cocoa/failed/550555722.log</Log>
    <Keywords>exited with 1, , </Keywords>
    <Category>1</Category>
    <Chunk>Undocumented Realm swift declarations:

{

  "warnings": [

    {

      "file": "/Users/travis/build/realm/realm-cocoa/RealmSwift/Util.swift",

      "line": 86,

      "symbol": "dynamicBridgeCast(fromObjectiveC:)",

      "symbol_kind": "source.lang.swift.decl.function.free",

      "warning": "undocumented"

    },

    {

      "file": "/Users/travis/build/realm/realm-cocoa/RealmSwift/Util.swift",

      "line": 96,

      "symbol": "dynamicBridgeCast(fromSwift:)",

      "symbol_kind": "source.lang.swift.decl.function.free",

      "warning": "undocumented"

    }

  ],

  "source_directory": "/Users/travis/build/realm/realm-cocoa"

}</Chunk>
  </Example>
  <Example>
    <Log>Objective-C/Realm@realm-cocoa/failed/550968986.log</Log>
    <Keywords>exited with 1, , </Keywords>
    <Category>1</Category>
    <Chunk>Undocumented Realm swift declarations:

{

  "warnings": [

    {

      "file": "/Users/travis/build/realm/realm-cocoa/RealmSwift/Util.swift",

      "line": 86,

      "symbol": "dynamicBridgeCast(fromObjectiveC:)",

      "symbol_kind": "source.lang.swift.decl.function.free",

      "warning": "undocumented"

    },

    {

      "file": "/Users/travis/build/realm/realm-cocoa/RealmSwift/Util.swift",

      "line": 96,

      "symbol": "dynamicBridgeCast(fromSwift:)",

      "symbol_kind": "source.lang.swift.decl.function.free",

      "warning": "undocumented"

    }

  ],

  "source_directory": "/Users/travis/build/realm/realm-cocoa"

}</Chunk>
  </Example>
  <Example>
    <Log>Objective-C/Realm@realm-cocoa/failed/551400027.log</Log>
    <Keywords>failure, failed, </Keywords>
    <Category>0</Category>
    <Chunk>SchemaTests

  testMultipleProcessesTryingToInitializeSchema, [31m((0) equal to ([self runChildAndWait])) failed: ("0") is not equal to ("11") - Tests in child process failed[0m

  [36m/Users/travis/build/realm/realm-cocoa/Realm/Tests/SchemaTests.mm:886[0m

  ```

        dispatch_group_async(group, dispatch_get_global_queue(0, 0), ^{

            RLMRunChildAndWait();

        });

  ```</Chunk>
  </Example>
  <Example>
    <Log>Objective-C/Realm@realm-cocoa/failed/552057535.log</Log>
    <Keywords>warning, Violation, </Keywords>
    <Category>2</Category>
    <Chunk>/Users/travis/build/realm/realm-cocoa/RealmSwift/Object+Combine.swift:88:42: warning: Colon Violation: Colons should be next to the identifier when specifying a type and next to the key in dictionary literals. (colon)

/Users/travis/build/realm/realm-cocoa/RealmSwift/Object+Combine.swift:53:9: warning: Control Statement Violation: `if`, `for`, `guard`, `switch`, `while`, and `catch` statements shouldn't unnecessarily wrap their conditionals or arguments in parentheses. (control_statement)

/Users/travis/build/realm/realm-cocoa/RealmSwift/Object+Combine.swift:46:31: warning: Empty Parentheses with Trailing Closure Violation: When using trailing closures, empty parentheses should be avoided after the method call. (empty_parentheses_with_trailing_closure)

/Users/travis/build/realm/realm-cocoa/RealmSwift/Object+Combine.swift:43:1: warning: Trailing Whitespace Violation: Lines should not have trailing whitespace. (trailing_whitespace)

/Users/travis/build/realm/realm-cocoa/RealmSwift/Object+Combine.swift:45:1: warning: Trailing Whitespace Violation: Lines should not have trailing whitespace. (trailing_whitespace)

/Users/travis/build/realm/realm-cocoa/RealmSwift/Object+Combine.swift:51:1: warning: Trailing Whitespace Violation: Lines should not have trailing whitespace. (trailing_whitespace)

/Users/travis/build/realm/realm-cocoa/RealmSwift/Object+Combine.swift:64:1: warning: Trailing Whitespace Violation: Lines should not have trailing whitespace. (trailing_whitespace)

/Users/travis/build/realm/realm-cocoa/RealmSwift/Object+Combine.swift:68:1: warning: Trailing Whitespace Violation: Lines should not have trailing whitespace. (trailing_whitespace)

/Users/travis/build/realm/realm-cocoa/RealmSwift/Object+Combine.swift:74:1: warning: Trailing Whitespace Violation: Lines should not have trailing whitespace. (trailing_whitespace)

/Users/travis/build/realm/realm-cocoa/RealmSwift/Object+Combine.swift:79:1: warning: Trailing Whitespace Violation: Lines should not have trailing whitespace. (trailing_whitespace)

/Users/travis/build/realm/realm-cocoa/RealmSwift/Object+Combine.swift:82:1: warning: Trailing Whitespace Violation: Lines should not have trailing whitespace. (trailing_whitespace)

/Users/travis/build/realm/realm-cocoa/RealmSwift/Object+Combine.swift:84:1: warning: Trailing Whitespace Violation: Lines should not have trailing whitespace. (trailing_whitespace)

/Users/travis/build/realm/realm-cocoa/RealmSwift/Object+Combine.swift:91:1: warning: Trailing Whitespace Violation: Lines should not have trailing whitespace. (trailing_whitespace)</Chunk>
  </Example>
  <Example>
    <Log>Objective-C/Realm@realm-cocoa/failed/552059876.log</Log>
    <Keywords>warning, Violation, </Keywords>
    <Category>2</Category>
    <Chunk>/Users/travis/build/realm/realm-cocoa/RealmSwift/Object+Combine.swift:88:42: warning: Colon Violation: Colons should be next to the identifier when specifying a type and next to the key in dictionary literals. (colon)

/Users/travis/build/realm/realm-cocoa/RealmSwift/Object+Combine.swift:46:31: warning: Empty Parentheses with Trailing Closure Violation: When using trailing closures, empty parentheses should be avoided after the method call. (empty_parentheses_with_trailing_closure)</Chunk>
  </Example>
  <Example>
    <Log>Objective-C/Realm@realm-cocoa/failed/552207105.log</Log>
    <Keywords>warning, Violation, </Keywords>
    <Category>2</Category>
    <Chunk>/Users/travis/build/realm/realm-cocoa/RealmSwift/Object+Combine.swift:90:42: warning: Colon Violation: Colons should be next to the identifier when specifying a type and next to the key in dictionary literals. (colon)

/Users/travis/build/realm/realm-cocoa/RealmSwift/Object+Combine.swift:48:31: warning: Empty Parentheses with Trailing Closure Violation: When using trailing closures, empty parentheses should be avoided after the method call. (empty_parentheses_with_trailing_closure)</Chunk>
  </Example>
  <Example>
    <Log>Objective-C/Realm@realm-cocoa/failed/557018463.log</Log>
    <Keywords>failure, failed, </Keywords>
    <Category>0</Category>
    <Chunk>ObjectNotifierTests

  testMultipleObjectNotifiers, [31m((changes[0].previousValue) equal to (@1)) failed: ("(null)") is not equal to ("1")[0m

  [36m/Users/travis/build/realm/realm-cocoa/Realm/Tests/NotificationTests.m:1051[0m

  ```

[38;5;230m        [39m[38;5;230mXCTAssertEqualObjects[39m[38;5;87m([39m[38;5;230mchanges[39m[38;5;87m[[39m[38;5;212;01m0[39;00m[38;5;87m].[39m[38;5;230mname[39m[38;5;87m,[39m[38;5;230m [39m[38;5;229;01m@"intCol"[39;00m[38;5;87m);[39m[38;5;230m

[38;5;230m        [39m[38;5;230mXCTAssertEqualObjects[39m[38;5;87m([39m[38;5;230mchanges[39m[38;5;87m[[39m[38;5;212;01m0[39;00m[38;5;87m].[39m[38;5;230mpreviousValue[39m[38;5;87m,[39m[38;5;230m [39m[38;5;212;01m@1[39;00m[38;5;87m);[39m[38;5;230m

[38;5;230m        [39m[38;5;230mXCTAssertEqualObjects[39m[38;5;87m([39m[38;5;230mchanges[39m[38;5;87m[[39m[38;5;212;01m0[39;00m[38;5;87m].[39m[38;5;230mvalue[39m[38;5;87m,[39m[38;5;230m [39m[38;5;212;01m@2[39;00m[38;5;87m);[39m[38;5;230m

[38;5;230m[39m  ```
nl
nl
nl
nl  testMultipleObjectNotifiers, [31m((changes[0].previousValue) equal to (@1)) failed: ("(null)") is not equal to ("1")[0m

  [36m/Users/travis/build/realm/realm-cocoa/Realm/Tests/NotificationTests.m:1051[0m

  ```

[38;5;230m        [39m[38;5;230mXCTAssertEqualObjects[39m[38;5;87m([39m[38;5;230mchanges[39m[38;5;87m[[39m[38;5;212;01m0[39;00m[38;5;87m].[39m[38;5;230mname[39m[38;5;87m,[39m[38;5;230m [39m[38;5;229;01m@"intCol"[39;00m[38;5;87m);[39m[38;5;230m

[38;5;230m        [39m[38;5;230mXCTAssertEqualObjects[39m[38;5;87m([39m[38;5;230mchanges[39m[38;5;87m[[39m[38;5;212;01m0[39;00m[38;5;87m].[39m[38;5;230mpreviousValue[39m[38;5;87m,[39m[38;5;230m [39m[38;5;212;01m@1[39;00m[38;5;87m);[39m[38;5;230m

[38;5;230m        [39m[38;5;230mXCTAssertEqualObjects[39m[38;5;87m([39m[38;5;230mchanges[39m[38;5;87m[[39m[38;5;212;01m0[39;00m[38;5;87m].[39m[38;5;230mvalue[39m[38;5;87m,[39m[38;5;230m [39m[38;5;212;01m@2[39;00m[38;5;87m);[39m[38;5;230m

[38;5;230m[39m  ```</Chunk>
  </Example>
</Examples>
