<?xml version="1.0" encoding="UTF-8"?>
<Examples>
  <Example>
    <Log>CSS/twbs@bootstrap/failed/565940461.log</Log>
    <Keywords>ERROR, ERR!, </Keywords>
    <Category>0</Category>
    <Chunk>[404] http://localhost:5422


ERROR: Detected 1 broken links.</Chunk>
  </Example>
  <Example>
    <Log>CSS/twbs@bootstrap/failed/565973566.log</Log>
    <Keywords>ERROR, ERR!, </Keywords>
    <Category>0</Category>
    <Chunk>[404] http://localhost:5710/docs/4.3/dist/js/bootstrap.bundle.js


ERROR: Detected 1 broken links.</Chunk>
  </Example>
  <Example>
    <Log>CSS/twbs@bootstrap/failed/566160487.log</Log>
    <Keywords>ERROR, ERR!, </Keywords>
    <Category>1</Category>
    <Chunk>ERROR[39m
  Disconnected, because no message in 30000 ms.
Chrome 75.0.3770 (Mac OS X 10.13.6) ERROR
  Disconnected, because no message in 30000 ms.
Chrome 75.0.3770 (Mac OS X 10.13.6): Executed 0 of 0[31m DISCONNECTED[39m (30.002 secs / 0 secs)
[91m31 07 2019 20:21:24.471:ERROR [reporter.browserlabs]: [39m✖ Test Disconnected</Chunk>
  </Example>
  <Example>
    <Log>CSS/twbs@bootstrap/failed/566522647.log</Log>
    <Keywords>ERROR, ERR!, Error</Keywords>
    <Category>2</Category>
    <Chunk>ERROR 2019/08/01 15:12:45 [en] REF_NOT_FOUND: Ref "/docs/4.3/getting-started/introduction": "/home/travis/build/twbs/bootstrap/site/content/docs/examples/album/index.html:206:95": page not found
ERROR 2019/08/01 15:12:45 [en] REF_NOT_FOUND: Ref "/docs/4.3/layout/overview": "/home/travis/build/twbs/bootstrap/site/content/docs/extend/approach.md:58:54": page not found
ERROR 2019/08/01 15:12:45 [en] REF_NOT_FOUND: Ref "/docs/4.3/getting-started/javascript": "/home/travis/build/twbs/bootstrap/site/content/docs/extend/approach.md:64:228": page not found
ERROR 2019/08/01 15:12:45 [en] REF_NOT_FOUND: Ref "/docs/4.3/components/navbar": "/home/travis/build/twbs/bootstrap/site/content/docs/examples/navbar-bottom/index.html:10:45": page not found
ERROR 2019/08/01 15:12:45 [en] REF_NOT_FOUND: Ref "/docs/4.3/components/buttons": "/home/travis/build/twbs/bootstrap/site/content/docs/components/button-group.md:11:142": page not found
ERROR 2019/08/01 15:12:45 [en] REF_NOT_FOUND: Ref "/docs/4.3/utilities/spacing": "/home/travis/build/twbs/bootstrap/site/content/docs/components/card.md:15:280": page not found
ERROR 2019/08/01 15:12:45 [en] REF_NOT_FOUND: Ref "/docs/4.3/utilities/display": "/home/travis/build/twbs/bootstrap/site/content/docs/components/carousel.md:110:200": page not found
ERROR 2019/08/01 15:12:45 [en] REF_NOT_FOUND: Ref "/docs/4.3/utilities/sizing": "/home/travis/build/twbs/bootstrap/site/content/docs/components/card.md:220:49": page not found
ERROR 2019/08/01 15:12:45 [en] REF_NOT_FOUND: Ref "/docs/4.3/utilities/text": "/home/travis/build/twbs/bootstrap/site/content/docs/components/card.md:256:123": page not found
ERROR 2019/08/01 15:12:45 [en] REF_NOT_FOUND: Ref "/docs/4.3/components/navs": "/home/travis/build/twbs/bootstrap/site/content/docs/components/card.md:286:85": page not found
ERROR 2019/08/01 15:12:45 [en] REF_NOT_FOUND: Ref "/docs/4.3/utilities/colors": "/home/travis/build/twbs/bootstrap/site/content/docs/components/card.md:407:37": page not found
ERROR 2019/08/01 15:12:45 [en] REF_NOT_FOUND: Ref "/docs/4.3/utilities/borders": "/home/travis/build/twbs/bootstrap/site/content/docs/components/card.md:429:24": page not found
ERROR 2019/08/01 15:12:45 [en] REF_NOT_FOUND: Ref "/docs/4.3/components/card": "/home/travis/build/twbs/bootstrap/site/content/docs/components/collapse.md:74:18": page not found
ERROR 2019/08/01 15:12:45 [en] REF_NOT_FOUND: Ref "/docs/4.3/examples/masonry": "/home/travis/build/twbs/bootstrap/site/content/docs/components/card.md:606:393": page not found
ERROR 2019/08/01 15:12:45 [en] REF_NOT_FOUND: Ref "/docs/4.3/getting-started/theming": "/home/travis/build/twbs/bootstrap/site/content/docs/utilities/colors.md:52:141": page not found
ERROR 2019/08/01 15:12:45 [en] REF_NOT_FOUND: Ref "/docs/4.3/layout/grid": "/home/travis/build/twbs/bootstrap/site/content/docs/getting-started/contents.md:81:39": page not found
ERROR 2019/08/01 15:12:45 [en] REF_NOT_FOUND: Ref "/docs/4.3/utilities/flex": "/home/travis/build/twbs/bootstrap/site/content/docs/getting-started/contents.md:84:39": page not found
ERROR 2019/08/01 15:12:45 [en] REF_NOT_FOUND: Ref "/docs/4.3/content/reboot": "/home/travis/build/twbs/bootstrap/site/content/docs/getting-started/contents.md:102:39": page not found
ERROR 2019/08/01 15:12:45 [en] REF_NOT_FOUND: Ref "/docs/4.3/layout/overview": "/home/travis/build/twbs/bootstrap/site/content/docs/utilities/display.md:15:57": page not found
ERROR 2019/08/01 15:12:45 [en] REF_NOT_FOUND: Ref "/docs/4.3/getting-started/contents": "/home/travis/build/twbs/bootstrap/site/content/docs/getting-started/download.md:13:65": page not found
ERROR 2019/08/01 15:12:45 [en] REF_NOT_FOUND: Ref "/docs/4.3/getting-started/build-tools": "/home/travis/build/twbs/bootstrap/site/content/docs/getting-started/download.md:27:34": page not found
ERROR 2019/08/01 15:12:45 [en] REF_NOT_FOUND: Ref "/docs/4.3/utilities/spacing": "/home/travis/build/twbs/bootstrap/site/content/docs/components/dropdowns.md:672:86": page not found
ERROR 2019/08/01 15:12:45 [en] REF_NOT_FOUND: Ref "/docs/4.3/utilities/spacing": "/home/travis/build/twbs/bootstrap/site/content/docs/components/dropdowns.md:687:107": page not found
ERROR 2019/08/01 15:12:45 [en] REF_NOT_FOUND: Ref "/docs/4.3/utilities/text": "/home/travis/build/twbs/bootstrap/site/content/docs/content/figures.md:19:65": page not found
ERROR 2019/08/01 15:12:45 [en] REF_NOT_FOUND: Ref "/docs/4.3/components/navbar": "/home/travis/build/twbs/bootstrap/site/content/docs/examples/navbar-fixed/index.html:36:45": page not found
ERROR 2019/08/01 15:12:46 [en] REF_NOT_FOUND: Ref "/docs/4.3/content/reboot": "/home/travis/build/twbs/bootstrap/site/content/docs/forms/overview.md:29:64": page not found
ERROR 2019/08/01 15:12:46 [en] REF_NOT_FOUND: Ref "/docs/4.3/layout/overview": "/home/travis/build/twbs/bootstrap/site/content/docs/layout/grid.md:44:102": page not found
ERROR 2019/08/01 15:12:46 [en] REF_NOT_FOUND: Ref "/docs/4.3/utilities/display": "/home/travis/build/twbs/bootstrap/site/content/docs/layout/grid.md:154:215": page not found
ERROR 2019/08/01 15:12:46 [en] REF_NOT_FOUND: Ref "/docs/4.3/utilities/spacing": "/home/travis/build/twbs/bootstrap/site/content/docs/layout/grid.md:444:356": page not found
ERROR 2019/08/01 15:12:46 [en] REF_NOT_FOUND: Ref "/docs/4.3/utilities/display": "/home/travis/build/twbs/bootstrap/site/content/docs/layout/grid.md:509:95": page not found
ERROR 2019/08/01 15:12:46 [en] REF_NOT_FOUND: Ref "/docs/4.3/utilities/borders": "/home/travis/build/twbs/bootstrap/site/content/docs/content/images.md:23:46": page not found
ERROR 2019/08/01 15:12:46 [en] REF_NOT_FOUND: Ref "/docs/4.3/utilities/float": "/home/travis/build/twbs/bootstrap/site/content/docs/content/images.md:35:46": page not found
ERROR 2019/08/01 15:12:46 [en] REF_NOT_FOUND: Ref "/docs/4.3/utilities/text": "/home/travis/build/twbs/bootstrap/site/content/docs/content/images.md:35:110": page not found
ERROR 2019/08/01 15:12:46 [en] REF_NOT_FOUND: Ref "/docs/4.3/utilities/spacing": "/home/travis/build/twbs/bootstrap/site/content/docs/content/images.md:35:242": page not found
ERROR 2019/08/01 15:12:46 [en] REF_NOT_FOUND: Ref "/docs/4.3/utilities/spacing": "/home/travis/build/twbs/bootstrap/site/content/docs/layout/grid.md:574:108": page not found
ERROR 2019/08/01 15:12:46 [en] REF_NOT_FOUND: Ref "/docs/4.3/examples/grid": "/home/travis/build/twbs/bootstrap/site/content/docs/layout/grid.md:598:131": page not found
ERROR 2019/08/01 15:12:46 [en] REF_NOT_FOUND: Ref "/docs/4.3/getting-started/download": "/home/travis/build/twbs/bootstrap/site/content/docs/getting-started/introduction.md:15:205": page not found
ERROR 2019/08/01 15:12:46 [en] REF_NOT_FOUND: Ref "/docs/4.3/getting-started/javascript": "/home/travis/build/twbs/bootstrap/site/content/docs/getting-started/introduction.md:34:88": page not found
ERROR 2019/08/01 15:12:46 [en] REF_NOT_FOUND: Ref "/docs/4.3/getting-started/contents": "/home/travis/build/twbs/bootstrap/site/content/docs/getting-started/introduction.md:38:182": page not found
ERROR 2019/08/01 15:12:46 [en] REF_NOT_FOUND: Ref "/docs/4.3/layout/overview": "/home/travis/build/twbs/bootstrap/site/content/docs/getting-started/introduction.md:70:76": page not found
ERROR 2019/08/01 15:12:46 [en] REF_NOT_FOUND: Ref "/docs/4.3/examples": "/home/travis/build/twbs/bootstrap/site/content/docs/getting-started/introduction.md:70:139": page not found
ERROR 2019/08/01 15:12:46 [en] REF_NOT_FOUND: Ref "/docs/4.3/content/reboot": "/home/travis/build/twbs/bootstrap/site/content/docs/getting-started/introduction.md:115:55": page not found
ERROR 2019/08/01 15:12:46 [en] REF_NOT_FOUND: Ref "/docs/4.3/utilities/spacing": "/home/travis/build/twbs/bootstrap/site/content/docs/forms/layout.md:21:20": page not found
ERROR 2019/08/01 15:12:46 [en] REF_NOT_FOUND: Ref "/docs/4.3/utilities/spacing": "/home/travis/build/twbs/bootstrap/site/content/docs/forms/layout.md:324:126": page not found
ERROR 2019/08/01 15:12:46 [en] REF_NOT_FOUND: Ref "/docs/4.3/utilities/flex": "/home/travis/build/twbs/bootstrap/site/content/docs/forms/layout.md:324:178": page not found
ERROR 2019/08/01 15:12:46 [en] REF_NOT_FOUND: Ref "/docs/4.3/utilities/spacing": "/home/travis/build/twbs/bootstrap/site/content/docs/forms/layout.md:328:111": page not found
ERROR 2019/08/01 15:12:46 [en] REF_NOT_FOUND: Ref "/docs/4.3/utilities/flex": "/home/travis/build/twbs/bootstrap/site/content/docs/components/list-group.md:149:111": page not found
ERROR 2019/08/01 15:12:46 [en] REF_NOT_FOUND: Ref "/docs/4.3/utilities/flex": "/home/travis/build/twbs/bootstrap/site/content/docs/components/list-group.md:170:114": page not found
ERROR 2019/08/01 15:12:46 [en] REF_NOT_FOUND: Ref "/docs/4.3/getting-started/browsers-devices": "/home/travis/build/twbs/bootstrap/site/content/docs/components/modal.md:17:132": page not found
ERROR 2019/08/01 15:12:46 [en] REF_NOT_FOUND: Ref "/docs/4.3/components/tooltips": "/home/travis/build/twbs/bootstrap/site/content/docs/components/modal.md:378:12": page not found
ERROR 2019/08/01 15:12:46 [en] REF_NOT_FOUND: Ref "/docs/4.3/components/popovers": "/home/travis/build/twbs/bootstrap/site/content/docs/components/modal.md:378:67": page not found
ERROR 2019/08/01 15:12:46 [en] REF_NOT_FOUND: Ref "/docs/4.3/utilities/spacing": "/home/travis/build/twbs/bootstrap/site/content/docs/components/navbar.md:15:21": page not found
ERROR 2019/08/01 15:12:46 [en] REF_NOT_FOUND: Ref "/docs/4.3/utilities/flex": "/home/travis/build/twbs/bootstrap/site/content/docs/components/navbar.md:15:70": page not found
ERROR 2019/08/01 15:12:46 [en] REF_NOT_FOUND: Ref "/docs/4.3/utilities/colors": "/home/travis/build/twbs/bootstrap/site/content/docs/components/navbar.md:76:27": page not found
ERROR 2019/08/01 15:12:46 [en] REF_NOT_FOUND: Ref "/docs/4.3/utilities/spacing": "/home/travis/build/twbs/bootstrap/site/content/docs/components/navbar.md:76:91": page not found
ERROR 2019/08/01 15:12:46 [en] REF_NOT_FOUND: Ref "/docs/4.3/utilities/flex": "/home/travis/build/twbs/bootstrap/site/content/docs/components/navbar.md:212:138": page not found
ERROR 2019/08/01 15:12:46 [en] REF_NOT_FOUND: Ref "/docs/4.3/examples/navbar-static": "/home/travis/build/twbs/bootstrap/site/content/docs/examples/navbars/index.html:316:248": page not found
ERROR 2019/08/01 15:12:46 [en] REF_NOT_FOUND: Ref "/docs/4.3/examples/navbar-fixed": "/home/travis/build/twbs/bootstrap/site/content/docs/examples/navbars/index.html:316:312": page not found
ERROR 2019/08/01 15:12:46 [en] REF_NOT_FOUND: Ref "/docs/4.3/components/navbar": "/home/travis/build/twbs/bootstrap/site/content/docs/examples/navbars/index.html:319:44": page not found
ERROR 2019/08/01 15:12:46 [en] REF_NOT_FOUND: Ref "/docs/4.3/utilities/position": "/home/travis/build/twbs/bootstrap/site/content/docs/components/navbar.md:417:30": page not found
ERROR 2019/08/01 15:12:46 [en] REF_NOT_FOUND: Ref "/docs/4.3/layout/grid": "/home/travis/build/twbs/bootstrap/site/content/docs/components/navs.md:53:70": page not found
ERROR 2019/08/01 15:12:46 [en] REF_NOT_FOUND: Ref "/docs/4.3/utilities/flex": "/home/travis/build/twbs/bootstrap/site/content/docs/components/navs.md:231:87": page not found
ERROR 2019/08/01 15:12:46 [en] REF_NOT_FOUND: Ref "/docs/4.3/components/dropdowns": "/home/travis/build/twbs/bootstrap/site/content/docs/components/navs.md:250:83": page not found
ERROR 2019/08/01 15:12:46 [en] REF_NOT_FOUND: Ref "/docs/4.3/components/tooltips": "/home/travis/build/twbs/bootstrap/site/content/docs/components/popovers.md:14:41": page not found
ERROR 2019/08/01 15:12:46 [en] REF_NOT_FOUND: Ref "/docs/4.3/getting-started/javascript": "/home/travis/build/twbs/bootstrap/site/content/docs/components/popovers.md:275:20": page not found
ERROR 2019/08/01 15:12:46 [en] REF_NOT_FOUND: Ref "/docs/4.3/utilities/flex": "/home/travis/build/twbs/bootstrap/site/content/docs/components/pagination.md:134:72": page not found
ERROR 2019/08/01 15:12:46 [en] REF_NOT_FOUND: Ref "/docs/4.3/utilities/sizing": "/home/travis/build/twbs/bootstrap/site/content/docs/components/progress.md:38:63": page not found
ERROR 2019/08/01 15:12:46 [en] REF_NOT_FOUND: Ref "/docs/4.3/content/tables": "/home/travis/build/twbs/bootstrap/site/content/docs/content/reboot.md:192:199": page not found
ERROR 2019/08/01 15:12:46 [en] REF_NOT_FOUND: Ref "/docs/4.3/utilities/visibility": "/home/travis/build/twbs/bootstrap/site/content/docs/content/reboot.md:460:174": page not found
ERROR 2019/08/01 15:12:46 [en] REF_NOT_FOUND: Ref "/docs/4.3/components/navs": "/home/travis/build/twbs/bootstrap/site/content/docs/components/scrollspy.md:13:50": page not found
ERROR 2019/08/01 15:12:46 [en] REF_NOT_FOUND: Ref "/docs/4.3/components/list-group": "/home/travis/build/twbs/bootstrap/site/content/docs/components/scrollspy.md:13:102": page not found
ERROR 2019/08/01 15:12:46 [en] REF_NOT_FOUND: Ref "/docs/4.3/examples/sticky-footer": "/home/travis/build/twbs/bootstrap/site/content/docs/examples/sticky-footer-navbar/index.html:42:25": page not found
ERROR 2019/08/01 15:12:46 [en] REF_NOT_FOUND: Ref "/docs/4.3/examples/sticky-footer-navbar": "/home/travis/build/twbs/bootstrap/site/content/docs/examples/sticky-footer/index.html:16:21": page not found
ERROR 2019/08/01 15:12:46 [en] REF_NOT_FOUND: Ref "/docs/4.3/utilities/colors": "/home/travis/build/twbs/bootstrap/site/content/docs/components/spinners.md:171:12": page not found
ERROR 2019/08/01 15:12:46 [en] REF_NOT_FOUND: Ref "/docs/4.3/utilities/display": "/home/travis/build/twbs/bootstrap/site/content/docs/components/spinners.md:172:12": page not found
ERROR 2019/08/01 15:12:46 [en] REF_NOT_FOUND: Ref "/docs/4.3/utilities/flex": "/home/travis/build/twbs/bootstrap/site/content/docs/components/spinners.md:173:12": page not found
ERROR 2019/08/01 15:12:46 [en] REF_NOT_FOUND: Ref "/docs/4.3/utilities/float": "/home/travis/build/twbs/bootstrap/site/content/docs/components/spinners.md:174:12": page not found
ERROR 2019/08/01 15:12:46 [en] REF_NOT_FOUND: Ref "/docs/4.3/utilities/spacing": "/home/travis/build/twbs/bootstrap/site/content/docs/components/spinners.md:175:12": page not found
ERROR 2019/08/01 15:12:46 [en] REF_NOT_FOUND: Ref "/docs/4.3/utilities/sizing": "/home/travis/build/twbs/bootstrap/site/content/docs/components/spinners.md:176:12": page not found
ERROR 2019/08/01 15:12:46 [en] REF_NOT_FOUND: Ref "/docs/4.3/content/typography": "/home/travis/build/twbs/bootstrap/site/content/docs/components/spinners.md:177:12": page not found
ERROR 2019/08/01 15:12:46 [en] REF_NOT_FOUND: Ref "/docs/4.3/utilities/colors": "/home/travis/build/twbs/bootstrap/site/content/docs/content/tables.md:494:126": page not found
ERROR 2019/08/01 15:12:46 [en] REF_NOT_FOUND: Ref "/docs/4.3/utilities/spacing": "/home/travis/build/twbs/bootstrap/site/content/docs/getting-started/theming.md:226:174": page not found
ERROR 2019/08/01 15:12:46 [en] REF_NOT_FOUND: Ref "/docs/4.3/getting-started/accessibility": "/home/travis/build/twbs/bootstrap/site/content/docs/getting-started/theming.md:231:138": page not found
ERROR 2019/08/01 15:12:46 [en] REF_NOT_FOUND: Ref "/docs/4.3/content/typography": "/home/travis/build/twbs/bootstrap/site/content/docs/getting-started/theming.md:235:119": page not found
ERROR 2019/08/01 15:12:46 [en] REF_NOT_FOUND: Ref "/docs/4.3/utilities/colors": "/home/travis/build/twbs/bootstrap/site/content/docs/getting-started/theming.md:265:25": page not found
ERROR 2019/08/01 15:12:46 [en] REF_NOT_FOUND: Ref "/docs/4.3/components/alerts": "/home/travis/build/twbs/bootstrap/site/content/docs/components/toasts.md:187:908": page not found
ERROR 2019/08/01 15:12:46 [en] REF_NOT_FOUND: Ref "/docs/4.3/components/navbar": "/home/travis/build/twbs/bootstrap/site/content/docs/examples/navbar-static/index.html:36:45": page not found
ERROR 2019/08/01 15:12:46 [en] REF_NOT_FOUND: Ref "/docs/4.3/utilities/text": "/home/travis/build/twbs/bootstrap/site/content/docs/content/typography.md:11:136": page not found
ERROR 2019/08/01 15:12:46 [en] REF_NOT_FOUND: Ref "/docs/4.3/content/reboot": "/home/travis/build/twbs/bootstrap/site/content/docs/content/typography.md:13:29": page not found
ERROR 2019/08/01 15:12:46 [en] REF_NOT_FOUND: Ref "/docs/4.3/getting-started/javascript": "/home/travis/build/twbs/bootstrap/site/content/docs/components/tooltips.md:272:20": page not found
ERROR 2019/08/01 15:12:46 [en] REF_NOT_FOUND: Ref "/docs/4.3/utilities/text": "/home/travis/build/twbs/bootstrap/site/content/docs/content/typography.md:164:86": page not found
ERROR 2019/08/01 15:12:46 [en] REF_NOT_FOUND: Ref "/docs/4.3/utilities/colors": "/home/travis/build/twbs/bootstrap/site/content/docs/content/typography.md:164:143": page not found
ERROR 2019/08/01 15:12:46 [en] REF_NOT_FOUND: Ref "/docs/4.3/utilities/display": "/home/travis/build/twbs/bootstrap/site/content/docs/layout/utilities-for-layout.md:11:29": page not found
ERROR 2019/08/01 15:12:46 [en] REF_NOT_FOUND: Ref "/docs/4.3/components/alerts": "/home/travis/build/twbs/bootstrap/site/content/docs/layout/utilities-for-layout.md:15:223": page not found
ERROR 2019/08/01 15:12:46 [en] REF_NOT_FOUND: Ref "/docs/4.3/utilities/flex": "/home/travis/build/twbs/bootstrap/site/content/docs/layout/utilities-for-layout.md:17:224": page not found
ERROR 2019/08/01 15:12:46 [en] REF_NOT_FOUND: Ref "/docs/4.3/utilities/spacing": "/home/travis/build/twbs/bootstrap/site/content/docs/layout/utilities-for-layout.md:21:52": page not found
ERROR 2019/08/01 15:12:46 [en] REF_NOT_FOUND: Ref "/docs/4.3/utilities/visibility": "/home/travis/build/twbs/bootstrap/site/content/docs/layout/utilities-for-layout.md:25:117": page not found
ERROR 2019/08/01 15:12:46 [en] REF_NOT_FOUND: Ref "/docs/4.3/getting-started/browsers-devices": "/home/travis/build/twbs/bootstrap/site/content/docs/browser-bugs.md:10:205": page not found
ERROR 2019/08/01 15:12:46 [en] REF_NOT_FOUND: Ref "/docs/4.3/getting-started/browsers-devices": "/home/travis/build/twbs/bootstrap/site/content/docs/browser-bugs.md:10:205": page not found
ERROR 2019/08/01 15:12:46 [en] REF_NOT_FOUND: Ref "/docs/4.3/getting-started/download": "/home/travis/build/twbs/bootstrap/site/content/docs/getting-started/webpack.md:11:21": page not found
ERROR 2019/08/01 15:12:46 [en] REF_NOT_FOUND: Ref "/docs/4.3/getting-started/javascript": "/home/travis/build/twbs/bootstrap/site/content/docs/getting-started/webpack.md:15:33": page not found
ERROR 2019/08/01 15:12:46 [en] REF_NOT_FOUND: Ref "/docs/4.3/getting-started/theming": "/home/travis/build/twbs/bootstrap/site/content/docs/getting-started/webpack.md:38:94": page not found
Total in 1326 ms
Error: Error building site: logged 102 error(s)</Chunk>
  </Example>
  <Example>
    <Log>CSS/twbs@bootstrap/failed/566773003.log</Log>
    <Keywords>ERROR, ERR!, </Keywords>
    <Category>1</Category>
    <Chunk>ERROR[39m
  Disconnected, because no message in 30000 ms.
Chrome Mobile 74.0.3729 (Android 8.0.0) ERROR
  Disconnected, because no message in 30000 ms.
Chrome Mobile 74.0.3729 (Android 8.0.0): Executed 0 of 0[31m DISCONNECTED[39m (30.001 secs / 0 secs)
[91m02 08 2019 03:17:08.751:ERROR [reporter.browserlabs]: [39m✖ Test Disconnected</Chunk>
  </Example>
  <Example>
    <Log>CSS/twbs@bootstrap/failed/566876747.log</Log>
    <Keywords>ERROR, ERR!, Error</Keywords>
    <Category>2</Category>
    <Chunk>ERROR 2019/08/02 10:08:16 [en] REF_NOT_FOUND: Ref "/docs/4.3/getting-started/introduction": "/home/travis/build/twbs/bootstrap/site/content/docs/examples/album/index.html:206:95": page not found
ERROR 2019/08/02 10:08:16 [en] REF_NOT_FOUND: Ref "/docs/4.3/layout/overview": "/home/travis/build/twbs/bootstrap/site/content/docs/extend/approach.md:58:54": page not found
ERROR 2019/08/02 10:08:16 [en] REF_NOT_FOUND: Ref "/docs/4.3/getting-started/javascript": "/home/travis/build/twbs/bootstrap/site/content/docs/extend/approach.md:64:228": page not found
ERROR 2019/08/02 10:08:16 [en] REF_NOT_FOUND: Ref "/docs/4.3/components/navbar": "/home/travis/build/twbs/bootstrap/site/content/docs/examples/navbar-bottom/index.html:10:45": page not found
ERROR 2019/08/02 10:08:16 [en] REF_NOT_FOUND: Ref "/docs/4.3/components/buttons": "/home/travis/build/twbs/bootstrap/site/content/docs/components/button-group.md:11:142": page not found
ERROR 2019/08/02 10:08:16 [en] REF_NOT_FOUND: Ref "/docs/4.3/utilities/spacing": "/home/travis/build/twbs/bootstrap/site/content/docs/components/card.md:15:280": page not found
ERROR 2019/08/02 10:08:16 [en] REF_NOT_FOUND: Ref "/docs/4.3/utilities/display": "/home/travis/build/twbs/bootstrap/site/content/docs/components/carousel.md:110:200": page not found
ERROR 2019/08/02 10:08:16 [en] REF_NOT_FOUND: Ref "/docs/4.3/utilities/sizing": "/home/travis/build/twbs/bootstrap/site/content/docs/components/card.md:220:49": page not found
ERROR 2019/08/02 10:08:16 [en] REF_NOT_FOUND: Ref "/docs/4.3/utilities/text": "/home/travis/build/twbs/bootstrap/site/content/docs/components/card.md:256:123": page not found
ERROR 2019/08/02 10:08:16 [en] REF_NOT_FOUND: Ref "/docs/4.3/components/navs": "/home/travis/build/twbs/bootstrap/site/content/docs/components/card.md:286:85": page not found
ERROR 2019/08/02 10:08:16 [en] REF_NOT_FOUND: Ref "/docs/4.3/utilities/colors": "/home/travis/build/twbs/bootstrap/site/content/docs/components/card.md:407:37": page not found
ERROR 2019/08/02 10:08:16 [en] REF_NOT_FOUND: Ref "/docs/4.3/utilities/borders": "/home/travis/build/twbs/bootstrap/site/content/docs/components/card.md:429:24": page not found
ERROR 2019/08/02 10:08:16 [en] REF_NOT_FOUND: Ref "/docs/4.3/examples/masonry": "/home/travis/build/twbs/bootstrap/site/content/docs/components/card.md:606:393": page not found
ERROR 2019/08/02 10:08:16 [en] REF_NOT_FOUND: Ref "/docs/4.3/components/card": "/home/travis/build/twbs/bootstrap/site/content/docs/components/collapse.md:74:18": page not found
ERROR 2019/08/02 10:08:16 [en] REF_NOT_FOUND: Ref "/docs/4.3/getting-started/theming": "/home/travis/build/twbs/bootstrap/site/content/docs/utilities/colors.md:52:141": page not found
ERROR 2019/08/02 10:08:16 [en] REF_NOT_FOUND: Ref "/docs/4.3/layout/grid": "/home/travis/build/twbs/bootstrap/site/content/docs/getting-started/contents.md:81:39": page not found
ERROR 2019/08/02 10:08:16 [en] REF_NOT_FOUND: Ref "/docs/4.3/utilities/flex": "/home/travis/build/twbs/bootstrap/site/content/docs/getting-started/contents.md:84:39": page not found
ERROR 2019/08/02 10:08:16 [en] REF_NOT_FOUND: Ref "/docs/4.3/content/reboot": "/home/travis/build/twbs/bootstrap/site/content/docs/getting-started/contents.md:102:39": page not found
ERROR 2019/08/02 10:08:16 [en] REF_NOT_FOUND: Ref "/docs/4.3/layout/overview": "/home/travis/build/twbs/bootstrap/site/content/docs/utilities/display.md:15:57": page not found
ERROR 2019/08/02 10:08:16 [en] REF_NOT_FOUND: Ref "/docs/4.3/getting-started/contents": "/home/travis/build/twbs/bootstrap/site/content/docs/getting-started/download.md:13:65": page not found
ERROR 2019/08/02 10:08:16 [en] REF_NOT_FOUND: Ref "/docs/4.3/getting-started/build-tools": "/home/travis/build/twbs/bootstrap/site/content/docs/getting-started/download.md:27:34": page not found
ERROR 2019/08/02 10:08:16 [en] REF_NOT_FOUND: Ref "/docs/4.3/utilities/text": "/home/travis/build/twbs/bootstrap/site/content/docs/content/figures.md:19:65": page not found
ERROR 2019/08/02 10:08:16 [en] REF_NOT_FOUND: Ref "/docs/4.3/utilities/spacing": "/home/travis/build/twbs/bootstrap/site/content/docs/components/dropdowns.md:672:86": page not found
ERROR 2019/08/02 10:08:16 [en] REF_NOT_FOUND: Ref "/docs/4.3/utilities/spacing": "/home/travis/build/twbs/bootstrap/site/content/docs/components/dropdowns.md:687:107": page not found
ERROR 2019/08/02 10:08:16 [en] REF_NOT_FOUND: Ref "/docs/4.3/components/navbar": "/home/travis/build/twbs/bootstrap/site/content/docs/examples/navbar-fixed/index.html:36:45": page not found
ERROR 2019/08/02 10:08:16 [en] REF_NOT_FOUND: Ref "/docs/4.3/content/reboot": "/home/travis/build/twbs/bootstrap/site/content/docs/forms/overview.md:29:64": page not found
ERROR 2019/08/02 10:08:16 [en] REF_NOT_FOUND: Ref "/docs/4.3/layout/overview": "/home/travis/build/twbs/bootstrap/site/content/docs/layout/grid.md:44:102": page not found
ERROR 2019/08/02 10:08:16 [en] REF_NOT_FOUND: Ref "/docs/4.3/utilities/display": "/home/travis/build/twbs/bootstrap/site/content/docs/layout/grid.md:154:215": page not found
ERROR 2019/08/02 10:08:16 [en] REF_NOT_FOUND: Ref "/docs/4.3/utilities/spacing": "/home/travis/build/twbs/bootstrap/site/content/docs/layout/grid.md:444:356": page not found
ERROR 2019/08/02 10:08:16 [en] REF_NOT_FOUND: Ref "/docs/4.3/utilities/borders": "/home/travis/build/twbs/bootstrap/site/content/docs/content/images.md:23:46": page not found
ERROR 2019/08/02 10:08:16 [en] REF_NOT_FOUND: Ref "/docs/4.3/utilities/float": "/home/travis/build/twbs/bootstrap/site/content/docs/content/images.md:35:46": page not found
ERROR 2019/08/02 10:08:16 [en] REF_NOT_FOUND: Ref "/docs/4.3/utilities/text": "/home/travis/build/twbs/bootstrap/site/content/docs/content/images.md:35:110": page not found
ERROR 2019/08/02 10:08:16 [en] REF_NOT_FOUND: Ref "/docs/4.3/utilities/spacing": "/home/travis/build/twbs/bootstrap/site/content/docs/content/images.md:35:242": page not found
ERROR 2019/08/02 10:08:16 [en] REF_NOT_FOUND: Ref "/docs/4.3/utilities/display": "/home/travis/build/twbs/bootstrap/site/content/docs/layout/grid.md:509:95": page not found
ERROR 2019/08/02 10:08:16 [en] REF_NOT_FOUND: Ref "/docs/4.3/utilities/spacing": "/home/travis/build/twbs/bootstrap/site/content/docs/layout/grid.md:574:108": page not found
ERROR 2019/08/02 10:08:16 [en] REF_NOT_FOUND: Ref "/docs/4.3/examples/grid": "/home/travis/build/twbs/bootstrap/site/content/docs/layout/grid.md:598:131": page not found
ERROR 2019/08/02 10:08:16 [en] REF_NOT_FOUND: Ref "/docs/4.3/getting-started/download": "/home/travis/build/twbs/bootstrap/site/content/docs/getting-started/introduction.md:15:205": page not found
ERROR 2019/08/02 10:08:16 [en] REF_NOT_FOUND: Ref "/docs/4.3/getting-started/javascript": "/home/travis/build/twbs/bootstrap/site/content/docs/getting-started/introduction.md:34:88": page not found
ERROR 2019/08/02 10:08:16 [en] REF_NOT_FOUND: Ref "/docs/4.3/getting-started/contents": "/home/travis/build/twbs/bootstrap/site/content/docs/getting-started/introduction.md:38:182": page not found
ERROR 2019/08/02 10:08:16 [en] REF_NOT_FOUND: Ref "/docs/4.3/layout/overview": "/home/travis/build/twbs/bootstrap/site/content/docs/getting-started/introduction.md:70:76": page not found
ERROR 2019/08/02 10:08:16 [en] REF_NOT_FOUND: Ref "/docs/4.3/examples": "/home/travis/build/twbs/bootstrap/site/content/docs/getting-started/introduction.md:70:139": page not found
ERROR 2019/08/02 10:08:16 [en] REF_NOT_FOUND: Ref "/docs/4.3/content/reboot": "/home/travis/build/twbs/bootstrap/site/content/docs/getting-started/introduction.md:115:55": page not found
ERROR 2019/08/02 10:08:16 [en] REF_NOT_FOUND: Ref "/docs/4.3/utilities/spacing": "/home/travis/build/twbs/bootstrap/site/content/docs/forms/layout.md:21:20": page not found
ERROR 2019/08/02 10:08:16 [en] REF_NOT_FOUND: Ref "/docs/4.3/utilities/spacing": "/home/travis/build/twbs/bootstrap/site/content/docs/forms/layout.md:324:126": page not found
ERROR 2019/08/02 10:08:16 [en] REF_NOT_FOUND: Ref "/docs/4.3/utilities/flex": "/home/travis/build/twbs/bootstrap/site/content/docs/forms/layout.md:324:178": page not found
ERROR 2019/08/02 10:08:16 [en] REF_NOT_FOUND: Ref "/docs/4.3/utilities/spacing": "/home/travis/build/twbs/bootstrap/site/content/docs/forms/layout.md:328:111": page not found
ERROR 2019/08/02 10:08:16 [en] REF_NOT_FOUND: Ref "/docs/4.3/utilities/flex": "/home/travis/build/twbs/bootstrap/site/content/docs/components/list-group.md:149:111": page not found
ERROR 2019/08/02 10:08:16 [en] REF_NOT_FOUND: Ref "/docs/4.3/utilities/flex": "/home/travis/build/twbs/bootstrap/site/content/docs/components/list-group.md:170:114": page not found
ERROR 2019/08/02 10:08:16 [en] REF_NOT_FOUND: Ref "/docs/4.3/getting-started/browsers-devices": "/home/travis/build/twbs/bootstrap/site/content/docs/components/modal.md:17:132": page not found
ERROR 2019/08/02 10:08:16 [en] REF_NOT_FOUND: Ref "/docs/4.3/utilities/spacing": "/home/travis/build/twbs/bootstrap/site/content/docs/components/navbar.md:15:21": page not found
ERROR 2019/08/02 10:08:16 [en] REF_NOT_FOUND: Ref "/docs/4.3/utilities/flex": "/home/travis/build/twbs/bootstrap/site/content/docs/components/navbar.md:15:70": page not found
ERROR 2019/08/02 10:08:16 [en] REF_NOT_FOUND: Ref "/docs/4.3/utilities/colors": "/home/travis/build/twbs/bootstrap/site/content/docs/components/navbar.md:76:27": page not found
ERROR 2019/08/02 10:08:16 [en] REF_NOT_FOUND: Ref "/docs/4.3/utilities/spacing": "/home/travis/build/twbs/bootstrap/site/content/docs/components/navbar.md:76:91": page not found
ERROR 2019/08/02 10:08:16 [en] REF_NOT_FOUND: Ref "/docs/4.3/components/tooltips": "/home/travis/build/twbs/bootstrap/site/content/docs/components/modal.md:378:12": page not found
ERROR 2019/08/02 10:08:16 [en] REF_NOT_FOUND: Ref "/docs/4.3/components/popovers": "/home/travis/build/twbs/bootstrap/site/content/docs/components/modal.md:378:67": page not found
ERROR 2019/08/02 10:08:16 [en] REF_NOT_FOUND: Ref "/docs/4.3/utilities/flex": "/home/travis/build/twbs/bootstrap/site/content/docs/components/navbar.md:212:138": page not found
ERROR 2019/08/02 10:08:16 [en] REF_NOT_FOUND: Ref "/docs/4.3/examples/navbar-static": "/home/travis/build/twbs/bootstrap/site/content/docs/examples/navbars/index.html:316:248": page not found
ERROR 2019/08/02 10:08:16 [en] REF_NOT_FOUND: Ref "/docs/4.3/examples/navbar-fixed": "/home/travis/build/twbs/bootstrap/site/content/docs/examples/navbars/index.html:316:312": page not found
ERROR 2019/08/02 10:08:16 [en] REF_NOT_FOUND: Ref "/docs/4.3/components/navbar": "/home/travis/build/twbs/bootstrap/site/content/docs/examples/navbars/index.html:319:44": page not found
ERROR 2019/08/02 10:08:16 [en] REF_NOT_FOUND: Ref "/docs/4.3/utilities/position": "/home/travis/build/twbs/bootstrap/site/content/docs/components/navbar.md:417:30": page not found
ERROR 2019/08/02 10:08:16 [en] REF_NOT_FOUND: Ref "/docs/4.3/layout/grid": "/home/travis/build/twbs/bootstrap/site/content/docs/components/navs.md:53:70": page not found
ERROR 2019/08/02 10:08:16 [en] REF_NOT_FOUND: Ref "/docs/4.3/utilities/flex": "/home/travis/build/twbs/bootstrap/site/content/docs/components/navs.md:231:87": page not found
ERROR 2019/08/02 10:08:16 [en] REF_NOT_FOUND: Ref "/docs/4.3/components/dropdowns": "/home/travis/build/twbs/bootstrap/site/content/docs/components/navs.md:250:83": page not found
ERROR 2019/08/02 10:08:16 [en] REF_NOT_FOUND: Ref "/docs/4.3/components/tooltips": "/home/travis/build/twbs/bootstrap/site/content/docs/components/popovers.md:14:41": page not found
ERROR 2019/08/02 10:08:16 [en] REF_NOT_FOUND: Ref "/docs/4.3/utilities/flex": "/home/travis/build/twbs/bootstrap/site/content/docs/components/pagination.md:134:72": page not found
ERROR 2019/08/02 10:08:16 [en] REF_NOT_FOUND: Ref "/docs/4.3/getting-started/javascript": "/home/travis/build/twbs/bootstrap/site/content/docs/components/popovers.md:275:20": page not found
ERROR 2019/08/02 10:08:17 [en] REF_NOT_FOUND: Ref "/docs/4.3/utilities/sizing": "/home/travis/build/twbs/bootstrap/site/content/docs/components/progress.md:38:63": page not found
ERROR 2019/08/02 10:08:17 [en] REF_NOT_FOUND: Ref "/docs/4.3/content/tables": "/home/travis/build/twbs/bootstrap/site/content/docs/content/reboot.md:192:199": page not found
ERROR 2019/08/02 10:08:17 [en] REF_NOT_FOUND: Ref "/docs/4.3/utilities/visibility": "/home/travis/build/twbs/bootstrap/site/content/docs/content/reboot.md:460:174": page not found
ERROR 2019/08/02 10:08:17 [en] REF_NOT_FOUND: Ref "/docs/4.3/components/navs": "/home/travis/build/twbs/bootstrap/site/content/docs/components/scrollspy.md:13:50": page not found
ERROR 2019/08/02 10:08:17 [en] REF_NOT_FOUND: Ref "/docs/4.3/components/list-group": "/home/travis/build/twbs/bootstrap/site/content/docs/components/scrollspy.md:13:102": page not found
ERROR 2019/08/02 10:08:17 [en] REF_NOT_FOUND: Ref "/docs/4.3/examples/sticky-footer": "/home/travis/build/twbs/bootstrap/site/content/docs/examples/sticky-footer-navbar/index.html:42:25": page not found
ERROR 2019/08/02 10:08:17 [en] REF_NOT_FOUND: Ref "/docs/4.3/examples/sticky-footer-navbar": "/home/travis/build/twbs/bootstrap/site/content/docs/examples/sticky-footer/index.html:16:21": page not found
ERROR 2019/08/02 10:08:17 [en] REF_NOT_FOUND: Ref "/docs/4.3/utilities/colors": "/home/travis/build/twbs/bootstrap/site/content/docs/components/spinners.md:171:12": page not found
ERROR 2019/08/02 10:08:17 [en] REF_NOT_FOUND: Ref "/docs/4.3/utilities/display": "/home/travis/build/twbs/bootstrap/site/content/docs/components/spinners.md:172:12": page not found
ERROR 2019/08/02 10:08:17 [en] REF_NOT_FOUND: Ref "/docs/4.3/utilities/flex": "/home/travis/build/twbs/bootstrap/site/content/docs/components/spinners.md:173:12": page not found
ERROR 2019/08/02 10:08:17 [en] REF_NOT_FOUND: Ref "/docs/4.3/utilities/float": "/home/travis/build/twbs/bootstrap/site/content/docs/components/spinners.md:174:12": page not found
ERROR 2019/08/02 10:08:17 [en] REF_NOT_FOUND: Ref "/docs/4.3/utilities/spacing": "/home/travis/build/twbs/bootstrap/site/content/docs/components/spinners.md:175:12": page not found
ERROR 2019/08/02 10:08:17 [en] REF_NOT_FOUND: Ref "/docs/4.3/utilities/sizing": "/home/travis/build/twbs/bootstrap/site/content/docs/components/spinners.md:176:12": page not found
ERROR 2019/08/02 10:08:17 [en] REF_NOT_FOUND: Ref "/docs/4.3/content/typography": "/home/travis/build/twbs/bootstrap/site/content/docs/components/spinners.md:177:12": page not found
ERROR 2019/08/02 10:08:17 [en] REF_NOT_FOUND: Ref "/docs/4.3/utilities/colors": "/home/travis/build/twbs/bootstrap/site/content/docs/content/tables.md:494:126": page not found
ERROR 2019/08/02 10:08:17 [en] REF_NOT_FOUND: Ref "/docs/4.3/utilities/spacing": "/home/travis/build/twbs/bootstrap/site/content/docs/getting-started/theming.md:226:174": page not found
ERROR 2019/08/02 10:08:17 [en] REF_NOT_FOUND: Ref "/docs/4.3/getting-started/accessibility": "/home/travis/build/twbs/bootstrap/site/content/docs/getting-started/theming.md:231:138": page not found
ERROR 2019/08/02 10:08:17 [en] REF_NOT_FOUND: Ref "/docs/4.3/content/typography": "/home/travis/build/twbs/bootstrap/site/content/docs/getting-started/theming.md:235:119": page not found
ERROR 2019/08/02 10:08:17 [en] REF_NOT_FOUND: Ref "/docs/4.3/utilities/colors": "/home/travis/build/twbs/bootstrap/site/content/docs/getting-started/theming.md:265:25": page not found
ERROR 2019/08/02 10:08:17 [en] REF_NOT_FOUND: Ref "/docs/4.3/components/alerts": "/home/travis/build/twbs/bootstrap/site/content/docs/components/toasts.md:187:908": page not found
ERROR 2019/08/02 10:08:17 [en] REF_NOT_FOUND: Ref "/docs/4.3/components/navbar": "/home/travis/build/twbs/bootstrap/site/content/docs/examples/navbar-static/index.html:36:45": page not found
ERROR 2019/08/02 10:08:17 [en] REF_NOT_FOUND: Ref "/docs/4.3/getting-started/javascript": "/home/travis/build/twbs/bootstrap/site/content/docs/components/tooltips.md:272:20": page not found
ERROR 2019/08/02 10:08:17 [en] REF_NOT_FOUND: Ref "/docs/4.3/utilities/text": "/home/travis/build/twbs/bootstrap/site/content/docs/content/typography.md:11:136": page not found
ERROR 2019/08/02 10:08:17 [en] REF_NOT_FOUND: Ref "/docs/4.3/content/reboot": "/home/travis/build/twbs/bootstrap/site/content/docs/content/typography.md:13:29": page not found
ERROR 2019/08/02 10:08:17 [en] REF_NOT_FOUND: Ref "/docs/4.3/utilities/text": "/home/travis/build/twbs/bootstrap/site/content/docs/content/typography.md:164:86": page not found
ERROR 2019/08/02 10:08:17 [en] REF_NOT_FOUND: Ref "/docs/4.3/utilities/colors": "/home/travis/build/twbs/bootstrap/site/content/docs/content/typography.md:164:143": page not found
ERROR 2019/08/02 10:08:17 [en] REF_NOT_FOUND: Ref "/docs/4.3/utilities/display": "/home/travis/build/twbs/bootstrap/site/content/docs/layout/utilities-for-layout.md:11:29": page not found
ERROR 2019/08/02 10:08:17 [en] REF_NOT_FOUND: Ref "/docs/4.3/components/alerts": "/home/travis/build/twbs/bootstrap/site/content/docs/layout/utilities-for-layout.md:15:223": page not found
ERROR 2019/08/02 10:08:17 [en] REF_NOT_FOUND: Ref "/docs/4.3/utilities/flex": "/home/travis/build/twbs/bootstrap/site/content/docs/layout/utilities-for-layout.md:17:224": page not found
ERROR 2019/08/02 10:08:17 [en] REF_NOT_FOUND: Ref "/docs/4.3/utilities/spacing": "/home/travis/build/twbs/bootstrap/site/content/docs/layout/utilities-for-layout.md:21:52": page not found
ERROR 2019/08/02 10:08:17 [en] REF_NOT_FOUND: Ref "/docs/4.3/utilities/visibility": "/home/travis/build/twbs/bootstrap/site/content/docs/layout/utilities-for-layout.md:25:117": page not found
ERROR 2019/08/02 10:08:17 [en] REF_NOT_FOUND: Ref "/docs/4.3/getting-started/browsers-devices": "/home/travis/build/twbs/bootstrap/site/content/docs/browser-bugs.md:10:205": page not found
ERROR 2019/08/02 10:08:17 [en] REF_NOT_FOUND: Ref "/docs/4.3/getting-started/browsers-devices": "/home/travis/build/twbs/bootstrap/site/content/docs/browser-bugs.md:10:205": page not found
ERROR 2019/08/02 10:08:17 [en] REF_NOT_FOUND: Ref "/docs/4.3/getting-started/download": "/home/travis/build/twbs/bootstrap/site/content/docs/getting-started/webpack.md:11:21": page not found
ERROR 2019/08/02 10:08:17 [en] REF_NOT_FOUND: Ref "/docs/4.3/getting-started/javascript": "/home/travis/build/twbs/bootstrap/site/content/docs/getting-started/webpack.md:15:33": page not found
ERROR 2019/08/02 10:08:17 [en] REF_NOT_FOUND: Ref "/docs/4.3/getting-started/theming": "/home/travis/build/twbs/bootstrap/site/content/docs/getting-started/webpack.md:38:94": page not found
Total in 1379 ms
Error: Error building site: logged 102 error(s)</Chunk>
  </Example>
  <Example>
    <Log>CSS/twbs@bootstrap/failed/566979072.log</Log>
    <Keywords>ERROR, ERR!, </Keywords>
    <Category>1</Category>
    <Chunk>ERROR[39m
  Disconnected, because no message in 30000 ms.
Chrome Mobile 74.0.3729 (Android 8.0.0) ERROR
  Disconnected, because no message in 30000 ms.
Chrome Mobile 74.0.3729 (Android 8.0.0): Executed 0 of 0[31m DISCONNECTED[39m (30 secs / 0 secs)
[91m02 08 2019 14:35:02.142:ERROR [reporter.browserlabs]: [39m✖ Test Disconnected</Chunk>
  </Example>
  <Example>
    <Log>CSS/twbs@bootstrap/failed/567306350.log</Log>
    <Keywords>ERROR, ERR!, </Keywords>
    <Category>1</Category>
    <Chunk>ERROR
  Disconnectedreconnect failed before timeout of 2000ms (ping timeout)
IE 9.0.0 (Windows 7.0.0): Executed 50 of 220 DISCONNECTED (33.106 secs / 1.059 secs)
[91m03 08 2019 14:13:39.543:ERROR [reporter.browserlabs]: [39m✖ Test Disconnected
IE 8.0.0 (Windows 7.0.0) ERROR
  Disconnectedreconnect failed before timeout of 2000ms (ping timeout)
IE 8.0.0 (Windows 7.0.0): Executed 50 of 220 DISCONNECTED (33.988 secs / 1.933 secs)
[91m03 08 2019 14:13:39.599:ERROR [reporter.browserlabs]: [39m✖ Test Disconnected
Safari 8.0.8 (Mac OS X 10.10.5) ERROR
  Disconnectedreconnect failed before timeout of 2000ms (ping timeout)
Safari 8.0.8 (Mac OS X 10.10.5): Executed 27 of 220 DISCONNECTED (32.655 secs / 0.635 secs)
[91m03 08 2019 14:13:40.416:ERROR [reporter.browserlabs]: [39m✖ Test Disconnected
IE 10.0.0 (Windows 8.0.0) ERROR
  Disconnectedreconnect failed before timeout of 2000ms (ping timeout)
IE 10.0.0 (Windows 8.0.0): Executed 27 of 220 DISCONNECTED (32.942 secs / 0.884 secs)
[91m03 08 2019 14:13:42.094:ERROR [reporter.browserlabs]: [39m✖ Test Disconnected</Chunk>
  </Example>
  <Example>
    <Log>CSS/twbs@bootstrap/failed/567309401.log</Log>
    <Keywords>ERR!, ✖, </Keywords>
    <Category>3</Category>
    <Chunk>Variable $bd-warning is not being used!</Chunk>
  </Example>
  <Example>
    <Log>CSS/twbs@bootstrap/failed/567309876.log</Log>
    <Keywords>ERR!, ✖, </Keywords>
    <Category>3</Category>
    <Chunk>Variable $bd-warning is not being used!</Chunk>
  </Example>
</Examples>
