<?xml version="1.0" encoding="UTF-8"?>
<Examples>
  <Example>
    <Log>Ruby/discourse@discourse/failed/565586706.log</Log>
    <Keywords>error, Command failed, </Keywords>
    <Category>0</Category>
    <Chunk>app/assets/javascripts/discourse/routes/about.js.es6</Chunk>
  </Example>
  <Example>
    <Log>Ruby/discourse@discourse/failed/565656484.log</Log>
    <Keywords>Failures, 1), </Keywords>
    <Category>1</Category>
    <Chunk>1) DistributedMutex executions should not allow critical sections to overlap
     [31mFailure/Error: [0m[32myield[0m[0m
     [31m[0m
     [31mLocalJumpError:[0m
     [31m  no block given (yield)[0m
     [36m# ./lib/tasks/scheduler.rake:23:in `time'[0m
     [36m# ./spec/support/concurrency.rb:211:in `block in method_missing'[0m
     [36m# ./spec/support/concurrency.rb:242:in `with_possible_failure'[0m
     [36m# ./spec/support/concurrency.rb:210:in `method_missing'[0m
     [36m# ./lib/distributed_mutex.rb:79:in `try_to_get_lock'[0m
     [36m# ./lib/distributed_mutex.rb:59:in `get_lock'[0m
     [36m# ./lib/distributed_mutex.rb:28:in `block in synchronize'[0m
     [36m# ./lib/distributed_mutex.rb:27:in `synchronize'[0m
     [36m# ./lib/distributed_mutex.rb:27:in `synchronize'[0m
     [36m# ./lib/distributed_mutex.rb:12:in `synchronize'[0m
     [36m# ./spec/components/distributed_mutex_spec.rb:125:in `block (7 levels) in main&gt;'[0m
     [36m# ./spec/components/distributed_mutex_spec.rb:124:in `times'[0m
     [36m# ./spec/components/distributed_mutex_spec.rb:124:in `block (6 levels) in main&gt;'</Chunk>
  </Example>
  <Example>
    <Log>Ruby/discourse@discourse/failed/565888088.log</Log>
    <Keywords>Offenses, , </Keywords>
    <Category>2</Category>
    <Chunk>db/migrate/20190731090219_rename_edit_notification_setting.rb[0m:1:1: [33mC[0m: Style/FrozenStringLiteralComment: Missing magic comment [33m# frozen_string_literal: true[0m.

class RenameEditNotificationSetting  ActiveRecord::Migration[5.2]

^</Chunk>
  </Example>
  <Example>
    <Log>Ruby/discourse@discourse/failed/565999589.log</Log>
    <Keywords>Command failed, , </Keywords>
    <Category>3</Category>
    <Chunk>Tests timed out
rake aborted!</Chunk>
  </Example>
  <Example>
    <Log>Ruby/discourse@discourse/failed/566028969.log</Log>
    <Keywords>error, ✖, </Keywords>
    <Category>4</Category>
    <Chunk>/home/travis/build/discourse/discourse/app/assets/javascripts/discourse/controllers/preferences/users.js.es6[24m

  [2m3:8[22m  [31merror[39m  'showModal' is defined but never used  [2mno-unused-vars[22m

  [2m4:8[22m  [31merror[39m  'User' is defined but never used       [2mno-unused-vars</Chunk>
  </Example>
  <Example>
    <Log>Ruby/discourse@discourse/failed/566299833.log</Log>
    <Keywords>error, Failure, Error</Keywords>
    <Category>5</Category>
    <Chunk>An error occurred while loading ./spec/requests/users_controller_spec.rb.
[31mFailure/Error: [0m[32mreturn[0m load_without_bootsnap(resolved, wrap)[0m
[31m[0m
[31mSyntaxError:[0m
[31m  /home/travis/build/discourse/discourse/spec/requests/users_controller_spec.rb:3520: syntax error, unexpected end-of-input, expecting end[0m
[36m# /home/travis/build/discourse/discourse/vendor/bundle/ruby/2.6.0/gems/bootsnap-1.4.4/lib/bootsnap/load_path_cache/core_ext/kernel_require.rb:54:in `load'[0m
[36m# /home/travis/build/discourse/discourse/vendor/bundle/ruby/2.6.0/gems/bootsnap-1.4.4/lib/bootsnap/load_path_cache/core_ext/kernel_require.rb:54:in `load'[0m
[36m# /home/travis/build/discourse/discourse/vendor/bundle/ruby/2.6.0/gems/activesupport-5.2.3/lib/active_support/dependencies.rb:285:in `block in load'[0m
[36m# /home/travis/build/discourse/discourse/vendor/bundle/ruby/2.6.0/gems/activesupport-5.2.3/lib/active_support/dependencies.rb:257:in `load_dependency'[0m
[36m# /home/travis/build/discourse/discourse/vendor/bundle/ruby/2.6.0/gems/activesupport-5.2.3/lib/active_support/dependencies.rb:285:in `load'[0m
[36m# /home/travis/build/discourse/discourse/vendor/bundle/ruby/2.6.0/gems/rspec-core-3.8.0/lib/rspec/core/configuration.rb:2034:in `load_file_handling_errors'[0m
[36m# /home/travis/build/discourse/discourse/vendor/bundle/ruby/2.6.0/gems/rspec-core-3.8.0/lib/rspec/core/configuration.rb:1560:in `block in load_spec_files'[0m
[36m# /home/travis/build/discourse/discourse/vendor/bundle/ruby/2.6.0/gems/rspec-core-3.8.0/lib/rspec/core/configuration.rb:1558:in `each'[0m
[36m# /home/travis/build/discourse/discourse/vendor/bundle/ruby/2.6.0/gems/rspec-core-3.8.0/lib/rspec/core/configuration.rb:1558:in `load_spec_files'[0m
[36m# /home/travis/build/discourse/discourse/vendor/bundle/ruby/2.6.0/gems/rspec-core-3.8.0/lib/rspec/core/runner.rb:98:in `setup'[0m
[36m# /home/travis/build/discourse/discourse/vendor/bundle/ruby/2.6.0/gems/rspec-core-3.8.0/lib/rspec/core/runner.rb:86:in `run'[0m
[36m# /home/travis/build/discourse/discourse/vendor/bundle/ruby/2.6.0/gems/rspec-core-3.8.0/lib/rspec/core/runner.rb:71:in `run'[0m
[36m# /home/travis/build/discourse/discourse/vendor/bundle/ruby/2.6.0/gems/rspec-core-3.8.0/lib/rspec/core/runner.rb:45:in `invoke'[0m
[36m# /home/travis/build/discourse/discourse/vendor/bundle/ruby/2.6.0/gems/rspec-core-3.8.0/exe/rspec:4:in `top (required)&gt;'[0m
[36m# /home/travis/build/discourse/discourse/vendor/bundle/ruby/2.6.0/bin/rspec:23:in `load'[0m
[36m# /home/travis/build/discourse/discourse/vendor/bundle/ruby/2.6.0/bin/rspec:23:in `top (required)&gt;'[0m
[36m# /home/travis/.rvm/gems/ruby-2.6.3/gems/bundler-1.17.3/lib/bundler/cli/exec.rb:74:in `load'[0m
[36m# /home/travis/.rvm/gems/ruby-2.6.3/gems/bundler-1.17.3/lib/bundler/cli/exec.rb:74:in `kernel_load'[0m
[36m# /home/travis/.rvm/gems/ruby-2.6.3/gems/bundler-1.17.3/lib/bundler/cli/exec.rb:28:in `run'[0m
[36m# /home/travis/.rvm/gems/ruby-2.6.3/gems/bundler-1.17.3/lib/bundler/cli.rb:463:in `exec'[0m
[36m# /home/travis/.rvm/gems/ruby-2.6.3/gems/bundler-1.17.3/lib/bundler/vendor/thor/lib/thor/command.rb:27:in `run'[0m
[36m# /home/travis/.rvm/gems/ruby-2.6.3/gems/bundler-1.17.3/lib/bundler/vendor/thor/lib/thor/invocation.rb:126:in `invoke_command'[0m
[36m# /home/travis/.rvm/gems/ruby-2.6.3/gems/bundler-1.17.3/lib/bundler/vendor/thor/lib/thor.rb:387:in `dispatch'[0m
[36m# /home/travis/.rvm/gems/ruby-2.6.3/gems/bundler-1.17.3/lib/bundler/cli.rb:27:in `dispatch'[0m
[36m# /home/travis/.rvm/gems/ruby-2.6.3/gems/bundler-1.17.3/lib/bundler/vendor/thor/lib/thor/base.rb:466:in `start'[0m
[36m# /home/travis/.rvm/gems/ruby-2.6.3/gems/bundler-1.17.3/lib/bundler/cli.rb:18:in `start'[0m
[36m# /home/travis/.rvm/gems/ruby-2.6.3/gems/bundler-1.17.3/exe/bundle:30:in `block in top (required)&gt;'[0m
[36m# /home/travis/.rvm/gems/ruby-2.6.3/gems/bundler-1.17.3/lib/bundler/friendly_errors.rb:124:in `with_friendly_errors'[0m
[36m# /home/travis/.rvm/gems/ruby-2.6.3/gems/bundler-1.17.3/exe/bundle:22:in `top (required)&gt;'[0m
[36m# /home/travis/.rvm/gems/ruby-2.6.3/bin/bundle:23:in `load'[0m
[36m# /home/travis/.rvm/gems/ruby-2.6.3/bin/bundle:23:in `main&gt;'[0m
[36m# [0m
[36m#   Showing full backtrace because every line was filtered out.[0m
[36m#   See docs for RSpec::Configuration#backtrace_exclusion_patterns and[0m
[36m#   RSpec::Configuration#backtrace_inclusion_patterns for more information.</Chunk>
  </Example>
  <Example>
    <Log>Ruby/discourse@discourse/failed/566325071.log</Log>
    <Keywords>error, Failure, Error</Keywords>
    <Category>5</Category>
    <Chunk>An error occurred while loading ./spec/requests/users_controller_spec.rb.
[31mFailure/Error: [0m[32mreturn[0m load_without_bootsnap(resolved, wrap)[0m
[31m[0m
[31mSyntaxError:[0m
[31m  /home/travis/build/discourse/discourse/spec/requests/users_controller_spec.rb:3520: syntax error, unexpected end-of-input, expecting end[0m
[36m# /home/travis/build/discourse/discourse/vendor/bundle/ruby/2.6.0/gems/bootsnap-1.4.4/lib/bootsnap/load_path_cache/core_ext/kernel_require.rb:54:in `load'[0m
[36m# /home/travis/build/discourse/discourse/vendor/bundle/ruby/2.6.0/gems/bootsnap-1.4.4/lib/bootsnap/load_path_cache/core_ext/kernel_require.rb:54:in `load'[0m
[36m# /home/travis/build/discourse/discourse/vendor/bundle/ruby/2.6.0/gems/activesupport-5.2.3/lib/active_support/dependencies.rb:285:in `block in load'[0m
[36m# /home/travis/build/discourse/discourse/vendor/bundle/ruby/2.6.0/gems/activesupport-5.2.3/lib/active_support/dependencies.rb:257:in `load_dependency'[0m
[36m# /home/travis/build/discourse/discourse/vendor/bundle/ruby/2.6.0/gems/activesupport-5.2.3/lib/active_support/dependencies.rb:285:in `load'[0m
[36m# /home/travis/build/discourse/discourse/vendor/bundle/ruby/2.6.0/gems/rspec-core-3.8.0/lib/rspec/core/configuration.rb:2034:in `load_file_handling_errors'[0m
[36m# /home/travis/build/discourse/discourse/vendor/bundle/ruby/2.6.0/gems/rspec-core-3.8.0/lib/rspec/core/configuration.rb:1560:in `block in load_spec_files'[0m
[36m# /home/travis/build/discourse/discourse/vendor/bundle/ruby/2.6.0/gems/rspec-core-3.8.0/lib/rspec/core/configuration.rb:1558:in `each'[0m
[36m# /home/travis/build/discourse/discourse/vendor/bundle/ruby/2.6.0/gems/rspec-core-3.8.0/lib/rspec/core/configuration.rb:1558:in `load_spec_files'[0m
[36m# /home/travis/build/discourse/discourse/vendor/bundle/ruby/2.6.0/gems/rspec-core-3.8.0/lib/rspec/core/runner.rb:98:in `setup'[0m
[36m# /home/travis/build/discourse/discourse/vendor/bundle/ruby/2.6.0/gems/rspec-core-3.8.0/lib/rspec/core/runner.rb:86:in `run'[0m
[36m# /home/travis/build/discourse/discourse/vendor/bundle/ruby/2.6.0/gems/rspec-core-3.8.0/lib/rspec/core/runner.rb:71:in `run'[0m
[36m# /home/travis/build/discourse/discourse/vendor/bundle/ruby/2.6.0/gems/rspec-core-3.8.0/lib/rspec/core/runner.rb:45:in `invoke'[0m
[36m# /home/travis/build/discourse/discourse/vendor/bundle/ruby/2.6.0/gems/rspec-core-3.8.0/exe/rspec:4:in `top (required)&gt;'[0m
[36m# /home/travis/build/discourse/discourse/vendor/bundle/ruby/2.6.0/bin/rspec:23:in `load'[0m
[36m# /home/travis/build/discourse/discourse/vendor/bundle/ruby/2.6.0/bin/rspec:23:in `top (required)&gt;'[0m
[36m# /home/travis/.rvm/gems/ruby-2.6.3/gems/bundler-1.17.3/lib/bundler/cli/exec.rb:74:in `load'[0m
[36m# /home/travis/.rvm/gems/ruby-2.6.3/gems/bundler-1.17.3/lib/bundler/cli/exec.rb:74:in `kernel_load'[0m
[36m# /home/travis/.rvm/gems/ruby-2.6.3/gems/bundler-1.17.3/lib/bundler/cli/exec.rb:28:in `run'[0m
[36m# /home/travis/.rvm/gems/ruby-2.6.3/gems/bundler-1.17.3/lib/bundler/cli.rb:463:in `exec'[0m
[36m# /home/travis/.rvm/gems/ruby-2.6.3/gems/bundler-1.17.3/lib/bundler/vendor/thor/lib/thor/command.rb:27:in `run'[0m
[36m# /home/travis/.rvm/gems/ruby-2.6.3/gems/bundler-1.17.3/lib/bundler/vendor/thor/lib/thor/invocation.rb:126:in `invoke_command'[0m
[36m# /home/travis/.rvm/gems/ruby-2.6.3/gems/bundler-1.17.3/lib/bundler/vendor/thor/lib/thor.rb:387:in `dispatch'[0m
[36m# /home/travis/.rvm/gems/ruby-2.6.3/gems/bundler-1.17.3/lib/bundler/cli.rb:27:in `dispatch'[0m
[36m# /home/travis/.rvm/gems/ruby-2.6.3/gems/bundler-1.17.3/lib/bundler/vendor/thor/lib/thor/base.rb:466:in `start'[0m
[36m# /home/travis/.rvm/gems/ruby-2.6.3/gems/bundler-1.17.3/lib/bundler/cli.rb:18:in `start'[0m
[36m# /home/travis/.rvm/gems/ruby-2.6.3/gems/bundler-1.17.3/exe/bundle:30:in `block in top (required)&gt;'[0m
[36m# /home/travis/.rvm/gems/ruby-2.6.3/gems/bundler-1.17.3/lib/bundler/friendly_errors.rb:124:in `with_friendly_errors'[0m
[36m# /home/travis/.rvm/gems/ruby-2.6.3/gems/bundler-1.17.3/exe/bundle:22:in `top (required)&gt;'[0m
[36m# /home/travis/.rvm/gems/ruby-2.6.3/bin/bundle:23:in `load'[0m
[36m# /home/travis/.rvm/gems/ruby-2.6.3/bin/bundle:23:in `main&gt;'[0m
[36m# [0m
[36m#   Showing full backtrace because every line was filtered out.[0m
[36m#   See docs for RSpec::Configuration#backtrace_exclusion_patterns and[0m
[36m#   RSpec::Configuration#backtrace_inclusion_patterns for more information.</Chunk>
  </Example>
  <Example>
    <Log>Ruby/discourse@discourse/failed/566356317.log</Log>
    <Keywords>Failures, 1), </Keywords>
    <Category>6</Category>
    <Chunk>1) DistributedMutex allows only one mutex object to have the lock at a time
[31mFailure/Error: [0m[32mexpect[0m(x).to eq([1;34m10[0m)[0m
[31m[0m
[31m  expected: 10[0m
[31m       got: 7[0m
[31m[0m
[31m  (compared using ==)[0m
[36m# ./spec/components/distributed_mutex_spec.rb:29:in `block (2 levels) in main&gt;'</Chunk>
  </Example>
  <Example>
    <Log>Ruby/discourse@discourse/failed/566815121.log</Log>
    <Keywords>Failed, , </Keywords>
    <Category>7</Category>
    <Chunk>Module Failed: date-time-input-range
Test Failed: prevents toDate to be before fromDate
  Assertion Failed: failed, expected argument to be falsy, was: true    
  Assertion Failed: failed, expected argument to be truthy, was: false
    Expected: true, Actual: false</Chunk>
  </Example>
  <Example>
    <Log>Ruby/discourse@discourse/failed/566876907.log</Log>
    <Keywords>Error, , </Keywords>
    <Category>7</Category>
    <Chunk>Error while processing route: adminWatchedWords.action
Deprecation notice: Please replace all occurrences of "refresh"" with "sync". FontAwesome 4.7 icon names are now deprecated and will be removed in the next release.
TypeError: Cannot read property 'block' of undefined
    at eval (admin/models/watched-word:48:73)
    at Array.map (anonymous&gt;)
    at eval (admin/models/watched-word:41:37)
    at tryCatcher (ember:61303:21)
    at invokeCallback (ember:61476:33)
    at publish (ember:61462:9)
    at eval (ember:55822:16)
    at invoke (ember:54023:16)
    at Queue.flush (ember:53915:13)
    at DeferredActionQueues.flush (ember:54119:21)
F

Module Failed: Acceptance: Admin - Watched Words
  Test Failed: remove words
    Assertion Failed: TypeError: Cannot read property 'block' of undefined
      Expected: true, Actual: false    
    Assertion Failed: Promise rejected during "remove words": Element .show-words-checkbox not found.
  Test Failed: add words
    Assertion Failed: TypeError: Cannot read property 'block' of undefined
      Expected: true, Actual: false    
    Assertion Failed: Promise rejected during "add words": Element .show-words-checkbox not found.
  Test Failed: list words in groups
    Assertion Failed: TypeError: Cannot read property 'block' of undefined
      Expected: true, Actual: false    
    Assertion Failed: failed, expected argument to be truthy, was: false
      Expected: true, Actual: false    
    Assertion Failed: Promise rejected during "list words in groups": Element .admin-controls .controls input[type=text] not found.</Chunk>
  </Example>
</Examples>
