<?xml version="1.0" encoding="UTF-8"?>
<Examples>
  <Example>
    <Log>Ruby/jekyll@jekyll/failed/557871100.log</Log>
    <Keywords>Failure, , </Keywords>
    <Category>0</Category>
    <Chunk>Failure:
TestKramdown#test_: kramdown when a custom highlighter is chosen should use the chosen highlighter if it's available.  [/home/travis/build/jekyll/jekyll/test/test_kramdown.rb:106]
Minitest::Assertion: Expected true to not be truthy.</Chunk>
  </Example>
  <Example>
    <Log>Ruby/jekyll@jekyll/failed/558414447.log</Log>
    <Keywords>Failure, , </Keywords>
    <Category>0</Category>
    <Chunk>Failure:
TestKramdown#test_: kramdown when a custom highlighter is chosen should use the chosen highlighter if it's available.  [/home/travis/build/jekyll/jekyll/test/test_kramdown.rb:106]
Minitest::Assertion: Expected true to not be truthy.</Chunk>
  </Example>
  <Example>
    <Log>Ruby/jekyll@jekyll/failed/558541567.log</Log>
    <Keywords>Failure, , </Keywords>
    <Category>0</Category>
    <Chunk>Failure:
TestKramdown#test_: kramdown when a custom highlighter is chosen should use the chosen highlighter if it's available.  [/home/travis/build/jekyll/jekyll/test/test_kramdown.rb:106]
Minitest::Assertion: Expected true to not be truthy.</Chunk>
  </Example>
  <Example>
    <Log>Ruby/jekyll@jekyll/failed/558544016.log</Log>
    <Keywords>Failure, , </Keywords>
    <Category>0</Category>
    <Chunk>Failure:
TestKramdown#test_: kramdown when a custom highlighter is chosen should use the chosen highlighter if it's available.  [/home/travis/build/jekyll/jekyll/test/test_kramdown.rb:106]
Minitest::Assertion: Expected true to not be truthy.</Chunk>
  </Example>
  <Example>
    <Log>Ruby/jekyll@jekyll/failed/558598688.log</Log>
    <Keywords>Failure, , </Keywords>
    <Category>0</Category>
    <Chunk>Failure:
TestKramdown#test_: kramdown when a custom highlighter is chosen should use the chosen highlighter if it's available.  [/home/travis/build/jekyll/jekyll/test/test_kramdown.rb:106]
Minitest::Assertion: Expected true to not be truthy.</Chunk>
  </Example>
  <Example>
    <Log>Ruby/jekyll@jekyll/failed/562218280.log</Log>
    <Keywords>Failure, , </Keywords>
    <Category>0</Category>
    <Chunk>Failure:
TestKramdown#test_: kramdown when a custom highlighter is chosen should use the chosen highlighter if it's available.  [/home/travis/build/jekyll/jekyll/test/test_kramdown.rb:106]
Minitest::Assertion: Expected true to not be truthy.</Chunk>
  </Example>
  <Example>
    <Log>Ruby/jekyll@jekyll/failed/565960060.log</Log>
    <Keywords>Offenses, , </Keywords>
    <Category>1</Category>
    <Chunk>Offenses:

lib/jekyll/excerpt.rb:158:17: C: Performance/RegexpMatch: Use match? instead of =~ when MatchData is not used.
        next if head =~ endtag_regex_stash(tag_name)
                ^^^^^^^^^^^^^^^^^^^^^^^^^^^^^^^^^^^^
lib/jekyll/readers/post_reader.rb:53:21: C: Performance/RegexpMatch: Use match? instead of =~ when MatchData is not used.
        next unless entry =~ matcher
                    ^^^^^^^^^^^^^^^^
lib/jekyll/filters.rb:374:31: C: Performance/RegexpMatch: Use match? instead of =~ when MatchData is not used.
      return property.to_f if property =~ number_like
                              ^^^^^^^^^^^^^^^^^^^^^^^</Chunk>
  </Example>
  <Example>
    <Log>Ruby/jekyll@jekyll/failed/566659348.log</Log>
    <Keywords>Failure, , </Keywords>
    <Category>0</Category>
    <Chunk>Failure:
TestKramdown#test_: kramdown when a custom highlighter is chosen should use the chosen highlighter if it's available.  [/home/travis/build/jekyll/jekyll/test/test_kramdown.rb:106]
Minitest::Assertion: Expected true to not be truthy.</Chunk>
  </Example>
  <Example>
    <Log>Ruby/jekyll@jekyll/failed/567184725.log</Log>
    <Keywords>Offenses, , </Keywords>
    <Category>1</Category>
    <Chunk>Offenses:

[36mlib/jekyll/excerpt.rb[0m:158:17: [33mC[0m: Performance/RegexpMatch: Use [33mmatch?[0m instead of [33m=~[0m when [33mMatchData[0m is not used.
        next if head =~ endtag_regex_stash(tag_name)
                ^^^^^^^^^^^^^^^^^^^^^^^^^^^^^^^^^^^^
[36mlib/jekyll/readers/post_reader.rb[0m:53:21: [33mC[0m: Performance/RegexpMatch: Use [33mmatch?[0m instead of [33m=~[0m when [33mMatchData[0m is not used.
        next unless entry =~ matcher
                    ^^^^^^^^^^^^^^^^
[36mlib/jekyll/filters.rb[0m:374:31: [33mC[0m: Performance/RegexpMatch: Use [33mmatch?[0m instead of [33m=~[0m when [33mMatchData[0m is not used.
      return property.to_f if property =~ number_like
                              ^^^^^^^^^^^^^^^^^^^^^^^</Chunk>
  </Example>
  <Example>
    <Log>Ruby/jekyll@jekyll/failed/567204630.log</Log>
    <Keywords>Failure, , </Keywords>
    <Category>0</Category>
    <Chunk>Failure:
TestKramdown#test_: kramdown when a custom highlighter is chosen should use the chosen highlighter if it's available.  [/home/travis/build/jekyll/jekyll/test/test_kramdown.rb:106]
Minitest::Assertion: Expected true to not be truthy.</Chunk>
  </Example>
</Examples>
