<?xml version="1.0" encoding="UTF-8"?>
<Examples>
  <Example>
    <Log>Shell/Tj@git-extras/failed/525540804.log</Log>
    <Keywords>exited with 1, , </Keywords>
    <Category>0</Category>
    <Chunk>[0K$ ./check_integrity.sh $(find bin | cut -b 5- | xargs)
Skip command rscp
Run 'make docs' to create man/git-rename-remote.1 and man/git-rename-remote.html</Chunk>
  </Example>
  <Example>
    <Log>Shell/Tj@git-extras/failed/525541415.log</Log>
    <Keywords>exited with 1, , </Keywords>
    <Category>0</Category>
    <Chunk>[0K$ ./check_integrity.sh $(find bin | cut -b 5- | xargs)
Skip command rscp
Run 'make docs' to create man/git-rename-remote.1 and man/git-rename-remote.html</Chunk>
  </Example>
  <Example>
    <Log>Shell/Tj@git-extras/failed/525870481.log</Log>
    <Keywords>exited with 1, , </Keywords>
    <Category>0</Category>
    <Chunk>[0K$ ./check_integrity.sh $(find bin | cut -b 5- | xargs)
Skip command rscp
Run 'make docs' to create man/git-rename-remote.1 and man/git-rename-remote.html</Chunk>
  </Example>
  <Example>
    <Log>Shell/Tj@git-extras/failed/528375040.log</Log>
    <Keywords>exited with 1, , </Keywords>
    <Category>0</Category>
    <Chunk>[0K$ ./check_integrity.sh $(find bin | cut -b 5- | xargs)
Skip command rscp
Run 'make docs' to create man/git-rename-remote.1 and man/git-rename-remote.html</Chunk>
  </Example>
  <Example>
    <Log>Shell/Tj@git-extras/failed/529154891.log</Log>
    <Keywords>exited with 1, , </Keywords>
    <Category>0</Category>
    <Chunk>[0K$ ./check_integrity.sh $(find bin | cut -b 5- | xargs)
Skip command rscp
Run 'make docs' to create man/git-rename-remote.1 and man/git-rename-remote.html</Chunk>
  </Example>
  <Example>
    <Log>Shell/Tj@git-extras/failed/529606677.log</Log>
    <Keywords>exited with 1, , </Keywords>
    <Category>0</Category>
    <Chunk>[0K$ ./check_integrity.sh $(find bin | cut -b 5- | xargs)
Skip command rscp
Add git-rename-remote in the list of commands in Commands.md</Chunk>
  </Example>
  <Example>
    <Log>Shell/Tj@git-extras/failed/529608067.log</Log>
    <Keywords>exited with 1, , </Keywords>
    <Category>0</Category>
    <Chunk>[0K$ ./check_integrity.sh $(find bin | cut -b 5- | xargs)
Skip command rscp
Skip command line-summary
create man/git-extras.md</Chunk>
  </Example>
  <Example>
    <Log>Shell/Tj@git-extras/failed/540384347.log</Log>
    <Keywords>exited with 1, , </Keywords>
    <Category>0</Category>
    <Chunk>[0K$ ./check_integrity.sh $(find bin | cut -b 5- | xargs)
grep: Commands.md: No such file or directory
Add git-contrib in the list of commands in Commands.md</Chunk>
  </Example>
  <Example>
    <Log>Shell/Tj@git-extras/failed/540384622.log</Log>
    <Keywords>exited with 1, , </Keywords>
    <Category>0</Category>
    <Chunk>[0K$ ./check_integrity.sh $(find bin | cut -b 5- | xargs)
grep: Commands.md: No such file or directory
Add git-contrib in the list of commands in Commands.md</Chunk>
  </Example>
  <Example>
    <Log>Shell/Tj@git-extras/failed/562612733.log</Log>
    <Keywords>exited with 1, , </Keywords>
    <Category>0</Category>
    <Chunk>[0K$ ./check_integrity.sh $(find bin | cut -b 5- | xargs)
man/git-line-summary.md is required for bin/git-line-summary</Chunk>
  </Example>
</Examples>
