<?xml version="1.0" encoding="UTF-8"?>
<Examples>
  <Example>
    <Log>Shell/tldr-pages@tldr/failed/563696877.log</Log>
    <Keywords>ERR!, failed, </Keywords>
    <Category>0</Category>
    <Chunk>pages/common/mat2.md:3: TLDR004 Command descriptions should end in a period</Chunk>
  </Example>
  <Example>
    <Log>Shell/tldr-pages@tldr/failed/564862983.log</Log>
    <Keywords>ERR!, failed, Error</Keywords>
    <Category>0</Category>
    <Chunk>Error: Parse error on line 12:
... as the sourcedir.**Common builders:**...
---------------------^
Expecting 'BACKTICK', got 'TEXT'
pages/common/sphinx-build.md:3: TLDR003 Descriptions should start with a capital letter
pages/common/sphinx-build.md:4: TLDR003 Descriptions should start with a capital letter
pages/common/sphinx-build.md:4: TLDR004 Command descriptions should end in a period
pages/common/sphinx-build.md:10: TLDR102 Example description probably not properly annotated</Chunk>
  </Example>
  <Example>
    <Log>Shell/tldr-pages@tldr/failed/564864762.log</Log>
    <Keywords>ERR!, failed, Error</Keywords>
    <Category>0</Category>
    <Chunk>Error: Parse error on line 12:
... as the sourcedir.**Common builders:**...
---------------------^
Expecting 'BACKTICK', got 'TEXT'
pages/common/sphinx-build.md:4: TLDR003 Descriptions should start with a capital letter
pages/common/sphinx-build.md:4: TLDR004 Command descriptions should end in a period
pages/common/sphinx-build.md:10: TLDR102 Example description probably not properly annotated</Chunk>
  </Example>
  <Example>
    <Log>Shell/tldr-pages@tldr/failed/564866008.log</Log>
    <Keywords>ERR!, failed, Error</Keywords>
    <Category>0</Category>
    <Chunk>Error: Parse error on line 12:
... as the sourcedir.**Common builders:**...
---------------------^
Expecting 'BACKTICK', got 'TEXT'
pages/common/sphinx-build.md:10: TLDR102 Example description probably not properly annotated</Chunk>
  </Example>
  <Example>
    <Log>Shell/tldr-pages@tldr/failed/564867534.log</Log>
    <Keywords>ERR!, failed, Error</Keywords>
    <Category>0</Category>
    <Chunk>Error: Parse error on line 12:
... as the sourcedir.**Common builders:**...
---------------------^
Expecting 'BACKTICK', got 'TEXT'
pages/common/sphinx-build.md:10: TLDR102 Example description probably not properly annotated</Chunk>
  </Example>
  <Example>
    <Log>Shell/tldr-pages@tldr/failed/564868148.log</Log>
    <Keywords>ERR!, failed, </Keywords>
    <Category>0</Category>
    <Chunk>pages/common/sphinx-build.md: 10: MD006/ul-start-left Consider starting bulleted lists at the beginning of the line [Expected: 0; Actual: 1]
pages/common/sphinx-build.md: 10: MD007/ul-indent Unordered list indentation [Expected: 4; Actual: 1]
pages/common/sphinx-build.md: 12: MD005/list-indent Inconsistent indentation for list items at the same level [Expected: 1; Actual: 0]</Chunk>
  </Example>
  <Example>
    <Log>Shell/tldr-pages@tldr/failed/564869043.log</Log>
    <Keywords>ERR!, failed, Error</Keywords>
    <Category>0</Category>
    <Chunk>Error: Parse error on line 12:
... as the sourcedir.- **Common builders:
---------------------^
Expecting 'BACKTICK', got 'DASH'
pages/common/sphinx-build.md:10: TLDR003 Descriptions should start with a capital letter
pages/common/sphinx-build.md:10: TLDR005 Example descriptions should end in a colon</Chunk>
  </Example>
  <Example>
    <Log>Shell/tldr-pages@tldr/failed/564870496.log</Log>
    <Keywords>ERR!, failed, </Keywords>
    <Category>0</Category>
    <Chunk>pages/common/sphinx-build.md: 12: MD040/fenced-code-language Fenced code blocks should have a language specified [Context: "```"]</Chunk>
  </Example>
  <Example>
    <Log>Shell/tldr-pages@tldr/failed/566346797.log</Log>
    <Keywords>ERR!, failed, Error</Keywords>
    <Category>0</Category>
    <Chunk>Error: Parse error on line 35:
... encoding:`cmd /u`  `- Create file w
---------------------^
Expecting 'NEWLINE', 'TEXT', 'DASH', 'BACKTICK', got 'COMMAND_TEXT'
pages/windows/cmd.md:34: TLDR103 Command example is missing its closing backtick</Chunk>
  </Example>
  <Example>
    <Log>Shell/tldr-pages@tldr/failed/566487257.log</Log>
    <Keywords>ERR!, failed, </Keywords>
    <Category>0</Category>
    <Chunk>pages/linux/feedreader.md:3: TLDR004 Command descriptions should end in a period</Chunk>
  </Example>
</Examples>
